单位名称,行动类型,兵种,时间,经度,纬度,高度,速度,航向,阵营,图像
我方无人机,进攻,飞机,20260629170001,120.1001,25.8001,500,50,0,我方,cvn.png
我方无人机,进攻,飞机,20260629170002,120.1002,25.8002,500,50,0,我方,cvn.png
我方无人机,进攻,飞机,20260629170003,120.1003,25.8003,500,50,0,我方,cvn.png
我方无人机,进攻,飞机,20260629170004,120.1004,25.8004,500,50,0,我方,cvn.png
我方无人机,进攻,飞机,20260629170005,120.1005,25.8005,500,50,0,我方,cvn.png
我方无人机,进攻,飞机,20260629170006,120.1006,25.8006,500,50,0,我方,cvn.png
我方无人机,进攻,飞机,20260629170007,120.1007,25.8007,500,50,0,我方,cvn.png
我方无人机,进攻,飞机,20260629170008,120.1008,25.8008,500,50,0,我方,cvn.png
我方无人机,进攻,飞机,20260629170009,120.1009,25.8009,500,50,0,我方,cvn.png
我方无人机,进攻,飞机,20260629170010,120.101,25.801,500,50,0,我方,cvn.png
我方无人机,进攻,飞机,20260629170011,120.1011,25.8011,500,50,0,我方,cvn.png
我方无人机,进攻,飞机,20260629170012,120.1012,25.8012,500,50,0,我方,cvn.png
我方无人机,进攻,飞机,20260629170013,120.1013,25.8013,500,50,0,我方,cvn.png
我方无人机,进攻,飞机,20260629170014,120.1014,25.8014,500,50,0,我方,cvn.png
我方无人机,进攻,飞机,20260629170015,120.1015,25.8015,500,50,0,我方,cvn.png
我方无人机,进攻,飞机,20260629170016,120.1016,25.8016,500,50,0,我方,cvn.png
我方无人机,进攻,飞机,20260629170017,120.1017,25.8017,500,50,0,我方,cvn.png
我方无人机,进攻,飞机,20260629170018,120.1018,25.8018,500,50,0,我方,cvn.png
我方无人机,进攻,飞机,20260629170019,120.1019,25.8019,500,50,0,我方,cvn.png
我方无人机,进攻,飞机,20260629170020,120.102,25.802,500,50,0,我方,cvn.png
我方无人机,进攻,飞机,20260629170021,120.1021,25.8021,500,50,0,我方,cvn.png
我方无人机,进攻,飞机,20260629170022,120.1022,25.8022,500,50,0,我方,cvn.png
我方无人机,进攻,飞机,20260629170023,120.1023,25.8023,500,50,0,我方,cvn.png
我方无人机,进攻,飞机,20260629170024,120.1024,25.8024,500,50,0,我方,cvn.png
我方无人机,进攻,飞机,20260629170025,120.1025,25.8025,500,50,0,我方,cvn.png
我方无人机,佯攻,飞机,20260629170101,120.1026,25.8026,500,50,0,我方,cvn.png
我方无人机,佯攻,飞机,20260629170102,120.1027,25.8027,500,50,0,我方,cvn.png
我方无人机,佯攻,飞机,20260629170103,120.1028,25.8028,500,50,0,我方,cvn.png
我方无人机,佯攻,飞机,20260629170104,120.1029,25.8029,500,50,0,我方,cvn.png
我方无人机,佯攻,飞机,20260629170105,120.103,25.803,500,50,0,我方,cvn.png
我方无人机,佯攻,飞机,20260629170106,120.1031,25.8031,500,50,0,我方,cvn.png
我方无人机,佯攻,飞机,20260629170107,120.1032,25.8032,500,50,0,我方,cvn.png
我方无人机,佯攻,飞机,20260629170108,120.1033,25.8033,500,50,0,我方,cvn.png
我方无人机,佯攻,飞机,20260629170109,120.1034,25.8034,500,50,0,我方,cvn.png
我方无人机,佯攻,飞机,20260629170110,120.1035,25.8035,500,50,0,我方,cvn.png
我方无人机,佯攻,飞机,20260629170111,120.1036,25.8036,500,50,0,我方,cvn.png
我方无人机,佯攻,飞机,20260629170112,120.1037,25.8037,500,50,0,我方,cvn.png
我方无人机,佯攻,飞机,20260629170113,120.1038,25.8038,500,50,0,我方,cvn.png
我方无人机,佯攻,飞机,20260629170114,120.1039,25.8039,500,50,0,我方,cvn.png
我方无人机,佯攻,飞机,20260629170115,120.104,25.804,500,50,0,我方,cvn.png
我方无人机,佯攻,飞机,20260629170116,120.1041,25.8041,500,50,0,我方,cvn.png
我方无人机,佯攻,飞机,20260629170117,120.1042,25.8042,500,50,0,我方,cvn.png
我方无人机,佯攻,飞机,20260629170118,120.1043,25.8043,500,50,0,我方,cvn.png
我方无人机,佯攻,飞机,20260629170119,120.1044,25.8044,500,50,0,我方,cvn.png
我方无人机,佯攻,飞机,20260629170120,120.1045,25.8045,500,50,0,我方,cvn.png
我方无人机,佯攻,飞机,20260629170121,120.1046,25.8046,500,50,0,我方,cvn.png
我方无人机,佯攻,飞机,20260629170122,120.1047,25.8047,500,50,0,我方,cvn.png
我方无人机,佯攻,飞机,20260629170123,120.1048,25.8048,500,50,0,我方,cvn.png
我方无人机,佯攻,飞机,20260629170124,120.1049,25.8049,500,50,0,我方,cvn.png
我方无人机,佯攻,飞机,20260629170125,120.105,25.805,500,50,0,我方,cvn.png
我方无人机,制空拦截,飞机,20260629170201,120.1051,25.8051,500,50,0,我方,cvn.png
我方无人机,制空拦截,飞机,20260629170202,120.1052,25.8052,500,50,0,我方,cvn.png
我方无人机,制空拦截,飞机,20260629170203,120.1053,25.8053,500,50,0,我方,cvn.png
我方无人机,制空拦截,飞机,20260629170204,120.1054,25.8054,500,50,0,我方,cvn.png
我方无人机,制空拦截,飞机,20260629170205,120.1055,25.8055,500,50,0,我方,cvn.png
我方无人机,制空拦截,飞机,20260629170206,120.1056,25.8056,500,50,0,我方,cvn.png
我方无人机,制空拦截,飞机,20260629170207,120.1057,25.8057,500,50,0,我方,cvn.png
我方无人机,制空拦截,飞机,20260629170208,120.1058,25.8058,500,50,0,我方,cvn.png
我方无人机,制空拦截,飞机,20260629170209,120.1059,25.8059,500,50,0,我方,cvn.png
我方无人机,制空拦截,飞机,20260629170210,120.106,25.806,500,50,0,我方,cvn.png
我方无人机,制空拦截,飞机,20260629170211,120.1061,25.8061,500,50,0,我方,cvn.png
我方无人机,制空拦截,飞机,20260629170212,120.1062,25.8062,500,50,0,我方,cvn.png
我方无人机,制空拦截,飞机,20260629170213,120.1063,25.8063,500,50,0,我方,cvn.png
我方无人机,制空拦截,飞机,20260629170214,120.1064,25.8064,500,50,0,我方,cvn.png
我方无人机,制空拦截,飞机,20260629170215,120.1065,25.8065,500,50,0,我方,cvn.png
我方无人机,制空拦截,飞机,20260629170216,120.1066,25.8066,500,50,0,我方,cvn.png
我方无人机,制空拦截,飞机,20260629170217,120.1067,25.8067,500,50,0,我方,cvn.png
我方无人机,制空拦截,飞机,20260629170218,120.1068,25.8068,500,50,0,我方,cvn.png
我方无人机,制空拦截,飞机,20260629170219,120.1069,25.8069,500,50,0,我方,cvn.png
我方无人机,制空拦截,飞机,20260629170220,120.107,25.807,500,50,0,我方,cvn.png
我方无人机,制空拦截,飞机,20260629170221,120.1071,25.8071,500,50,0,我方,cvn.png
我方无人机,制空拦截,飞机,20260629170222,120.1072,25.8072,500,50,0,我方,cvn.png
我方无人机,制空拦截,飞机,20260629170223,120.1073,25.8073,500,50,0,我方,cvn.png
我方无人机,制空拦截,飞机,20260629170224,120.1074,25.8074,500,50,0,我方,cvn.png
我方无人机,制空拦截,飞机,20260629170225,120.1075,25.8075,500,50,0,我方,cvn.png
我方无人机,防御,飞机,20260629170301,120.1076,25.8076,500,50,0,我方,cvn.png
我方无人机,防御,飞机,20260629170302,120.1077,25.8077,500,50,0,我方,cvn.png
我方无人机,防御,飞机,20260629170303,120.1078,25.8078,500,50,0,我方,cvn.png
我方无人机,防御,飞机,20260629170304,120.1079,25.8079,500,50,0,我方,cvn.png
我方无人机,防御,飞机,20260629170305,120.108,25.808,500,50,0,我方,cvn.png
我方无人机,防御,飞机,20260629170306,120.1081,25.8081,500,50,0,我方,cvn.png
我方无人机,防御,飞机,20260629170307,120.1082,25.8082,500,50,0,我方,cvn.png
我方无人机,防御,飞机,20260629170308,120.1083,25.8083,500,50,0,我方,cvn.png
我方无人机,防御,飞机,20260629170309,120.1084,25.8084,500,50,0,我方,cvn.png
我方无人机,防御,飞机,20260629170310,120.1085,25.8085,500,50,0,我方,cvn.png
我方无人机,防御,飞机,20260629170311,120.1086,25.8086,500,50,0,我方,cvn.png
我方无人机,防御,飞机,20260629170312,120.1087,25.8087,500,50,0,我方,cvn.png
我方无人机,防御,飞机,20260629170313,120.1088,25.8088,500,50,0,我方,cvn.png
我方无人机,防御,飞机,20260629170314,120.1089,25.8089,500,50,0,我方,cvn.png
我方无人机,防御,飞机,20260629170315,120.109,25.809,500,50,0,我方,cvn.png
我方无人机,防御,飞机,20260629170316,120.1091,25.8091,500,50,0,我方,cvn.png
我方无人机,防御,飞机,20260629170317,120.1092,25.8092,500,50,0,我方,cvn.png
我方无人机,防御,飞机,20260629170318,120.1093,25.8093,500,50,0,我方,cvn.png
我方无人机,防御,飞机,20260629170319,120.1094,25.8094,500,50,0,我方,cvn.png
我方无人机,防御,飞机,20260629170320,120.1095,25.8095,500,50,0,我方,cvn.png
我方无人机,防御,飞机,20260629170321,120.1096,25.8096,500,50,0,我方,cvn.png
我方无人机,防御,飞机,20260629170322,120.1097,25.8097,500,50,0,我方,cvn.png
我方无人机,防御,飞机,20260629170323,120.1098,25.8098,500,50,0,我方,cvn.png
我方无人机,防御,飞机,20260629170324,120.1099,25.8099,500,50,0,我方,cvn.png
我方无人机,防御,飞机,20260629170325,120.11,25.81,500,50,0,我方,cvn.png
我方无人机,远海机动转移,飞机,20260629170401,120.1101,25.8101,500,50,0,我方,cvn.png
我方无人机,远海机动转移,飞机,20260629170402,120.1102,25.8102,500,50,0,我方,cvn.png
我方无人机,远海机动转移,飞机,20260629170403,120.1103,25.8103,500,50,0,我方,cvn.png
我方无人机,远海机动转移,飞机,20260629170404,120.1104,25.8104,500,50,0,我方,cvn.png
我方无人机,远海机动转移,飞机,20260629170405,120.1105,25.8105,500,50,0,我方,cvn.png
我方无人机,远海机动转移,飞机,20260629170406,120.1106,25.8106,500,50,0,我方,cvn.png
我方无人机,远海机动转移,飞机,20260629170407,120.1107,25.8107,500,50,0,我方,cvn.png
我方无人机,远海机动转移,飞机,20260629170408,120.1108,25.8108,500,50,0,我方,cvn.png
我方无人机,远海机动转移,飞机,20260629170409,120.1109,25.8109,500,50,0,我方,cvn.png
我方无人机,远海机动转移,飞机,20260629170410,120.111,25.811,500,50,0,我方,cvn.png
我方无人机,远海机动转移,飞机,20260629170411,120.1111,25.8111,500,50,0,我方,cvn.png
我方无人机,远海机动转移,飞机,20260629170412,120.1112,25.8112,500,50,0,我方,cvn.png
我方无人机,远海机动转移,飞机,20260629170413,120.1113,25.8113,500,50,0,我方,cvn.png
我方无人机,远海机动转移,飞机,20260629170414,120.1114,25.8114,500,50,0,我方,cvn.png
我方无人机,远海机动转移,飞机,20260629170415,120.1115,25.8115,500,50,0,我方,cvn.png
我方无人机,远海机动转移,飞机,20260629170416,120.1116,25.8116,500,50,0,我方,cvn.png
我方无人机,远海机动转移,飞机,20260629170417,120.1117,25.8117,500,50,0,我方,cvn.png
我方无人机,远海机动转移,飞机,20260629170418,120.1118,25.8118,500,50,0,我方,cvn.png
我方无人机,远海机动转移,飞机,20260629170419,120.1119,25.8119,500,50,0,我方,cvn.png
我方无人机,远海机动转移,飞机,20260629170420,120.112,25.812,500,50,0,我方,cvn.png
我方无人机,远海机动转移,飞机,20260629170421,120.1121,25.8121,500,50,0,我方,cvn.png
我方无人机,远海机动转移,飞机,20260629170422,120.1122,25.8122,500,50,0,我方,cvn.png
我方无人机,远海机动转移,飞机,20260629170423,120.1123,25.8123,500,50,0,我方,cvn.png
我方无人机,远海机动转移,飞机,20260629170424,120.1124,25.8124,500,50,0,我方,cvn.png
我方无人机,远海机动转移,飞机,20260629170425,120.1125,25.8125,500,50,0,我方,cvn.png
我方无人机,侦察试探,飞机,20260629170501,120.1126,25.8126,500,50,0,我方,cvn.png
我方无人机,侦察试探,飞机,20260629170502,120.1127,25.8127,500,50,0,我方,cvn.png
我方无人机,侦察试探,飞机,20260629170503,120.1128,25.8128,500,50,0,我方,cvn.png
我方无人机,侦察试探,飞机,20260629170504,120.1129,25.8129,500,50,0,我方,cvn.png
我方无人机,侦察试探,飞机,20260629170505,120.113,25.813,500,50,0,我方,cvn.png
我方无人机,侦察试探,飞机,20260629170506,120.1131,25.8131,500,50,0,我方,cvn.png
我方无人机,侦察试探,飞机,20260629170507,120.1132,25.8132,500,50,0,我方,cvn.png
我方无人机,侦察试探,飞机,20260629170508,120.1133,25.8133,500,50,0,我方,cvn.png
我方无人机,侦察试探,飞机,20260629170509,120.1134,25.8134,500,50,0,我方,cvn.png
我方无人机,侦察试探,飞机,20260629170510,120.1135,25.8135,500,50,0,我方,cvn.png
我方无人机,侦察试探,飞机,20260629170511,120.1136,25.8136,500,50,0,我方,cvn.png
我方无人机,侦察试探,飞机,20260629170512,120.1137,25.8137,500,50,0,我方,cvn.png
我方无人机,侦察试探,飞机,20260629170513,120.1138,25.8138,500,50,0,我方,cvn.png
我方无人机,侦察试探,飞机,20260629170514,120.1139,25.8139,500,50,0,我方,cvn.png
我方无人机,侦察试探,飞机,20260629170515,120.114,25.814,500,50,0,我方,cvn.png
我方无人机,侦察试探,飞机,20260629170516,120.1141,25.8141,500,50,0,我方,cvn.png
我方无人机,侦察试探,飞机,20260629170517,120.1142,25.8142,500,50,0,我方,cvn.png
我方无人机,侦察试探,飞机,20260629170518,120.1143,25.8143,500,50,0,我方,cvn.png
我方无人机,侦察试探,飞机,20260629170519,120.1144,25.8144,500,50,0,我方,cvn.png
我方无人机,侦察试探,飞机,20260629170520,120.1145,25.8145,500,50,0,我方,cvn.png
我方无人机,侦察试探,飞机,20260629170521,120.1146,25.8146,500,50,0,我方,cvn.png
我方无人机,侦察试探,飞机,20260629170522,120.1147,25.8147,500,50,0,我方,cvn.png
我方无人机,侦察试探,飞机,20260629170523,120.1148,25.8148,500,50,0,我方,
我方无人机,侦察试探,飞机,20260629170524,120.1149,25.8149,500,50,0,我方,
我方无人机,侦察试探,飞机,20260629170525,120.115,25.815,500,50,0,我方,
我方无人机,补给,飞机,20260629170601,120.1151,25.8151,500,50,0,我方,
我方无人机,补给,飞机,20260629170602,120.1152,25.8152,500,50,0,我方,
我方无人机,补给,飞机,20260629170603,120.1153,25.8153,500,50,0,我方,
我方无人机,补给,飞机,20260629170604,120.1154,25.8154,500,50,0,我方,
我方无人机,补给,飞机,20260629170605,120.1155,25.8155,500,50,0,我方,
我方无人机,补给,飞机,20260629170606,120.1156,25.8156,500,50,0,我方,
我方无人机,补给,飞机,20260629170607,120.1157,25.8157,500,50,0,我方,
我方无人机,补给,飞机,20260629170608,120.1158,25.8158,500,50,0,我方,
我方无人机,补给,飞机,20260629170609,120.1159,25.8159,500,50,0,我方,
我方无人机,补给,飞机,20260629170610,120.116,25.816,500,50,0,我方,
我方无人机,补给,飞机,20260629170611,120.1161,25.8161,500,50,0,我方,
我方无人机,补给,飞机,20260629170612,120.1162,25.8162,500,50,0,我方,
我方无人机,补给,飞机,20260629170613,120.1163,25.8163,500,50,0,我方,
我方无人机,补给,飞机,20260629170614,120.1164,25.8164,500,50,0,我方,
我方无人机,补给,飞机,20260629170615,120.1165,25.8165,500,50,0,我方,
我方无人机,补给,飞机,20260629170616,120.1166,25.8166,500,50,0,我方,
我方无人机,补给,飞机,20260629170617,120.1167,25.8167,500,50,0,我方,
我方无人机,补给,飞机,20260629170618,120.1168,25.8168,500,50,0,我方,
我方无人机,补给,飞机,20260629170619,120.1169,25.8169,500,50,0,我方,
我方无人机,补给,飞机,20260629170620,120.117,25.817,500,50,0,我方,
我方无人机,补给,飞机,20260629170621,120.1171,25.8171,500,50,0,我方,
我方无人机,补给,飞机,20260629170622,120.1172,25.8172,500,50,0,我方,
我方无人机,补给,飞机,20260629170623,120.1173,25.8173,500,50,0,我方,
我方无人机,补给,飞机,20260629170624,120.1174,25.8174,500,50,0,我方,
我方无人机,补给,飞机,20260629170625,120.1175,25.8175,500,50,0,我方,
我方无人机,撤离,飞机,20260629170701,120.1176,25.8176,500,50,0,我方,
我方无人机,撤离,飞机,20260629170702,120.1177,25.8177,500,50,0,我方,
我方无人机,撤离,飞机,20260629170703,120.1178,25.8178,500,50,0,我方,
我方无人机,撤离,飞机,20260629170704,120.1179,25.8179,500,50,0,我方,
我方无人机,撤离,飞机,20260629170705,120.118,25.818,500,50,0,我方,
我方无人机,撤离,飞机,20260629170706,120.1181,25.8181,500,50,0,我方,
我方无人机,撤离,飞机,20260629170707,120.1182,25.8182,500,50,0,我方,
我方无人机,撤离,飞机,20260629170708,120.1183,25.8183,500,50,0,我方,
我方无人机,撤离,飞机,20260629170709,120.1184,25.8184,500,50,0,我方,
我方无人机,撤离,飞机,20260629170710,120.1185,25.8185,500,50,0,我方,
我方无人机,撤离,飞机,20260629170711,120.1186,25.8186,500,50,0,我方,
我方无人机,撤离,飞机,20260629170712,120.1187,25.8187,500,50,0,我方,
我方无人机,撤离,飞机,20260629170713,120.1188,25.8188,500,50,0,我方,
我方无人机,撤离,飞机,20260629170714,120.1189,25.8189,500,50,0,我方,
我方无人机,撤离,飞机,20260629170715,120.119,25.819,500,50,0,我方,
我方无人机,撤离,飞机,20260629170716,120.1191,25.8191,500,50,0,我方,
我方无人机,撤离,飞机,20260629170717,120.1192,25.8192,500,50,0,我方,
我方无人机,撤离,飞机,20260629170718,120.1193,25.8193,500,50,0,我方,
我方无人机,撤离,飞机,20260629170719,120.1194,25.8194,500,50,0,我方,
我方无人机,撤离,飞机,20260629170720,120.1195,25.8195,500,50,0,我方,
我方无人机,撤离,飞机,20260629170721,120.1196,25.8196,500,50,0,我方,
我方无人机,撤离,飞机,20260629170722,120.1197,25.8197,500,50,0,我方,
我方无人机,撤离,飞机,20260629170723,120.1198,25.8198,500,50,0,我方,
我方无人机,撤离,飞机,20260629170724,120.1199,25.8199,500,50,0,我方,
我方无人机,撤离,飞机,20260629170725,120.12,25.82,500,50,0,我方,
我方航母,进攻,航母,20260629170001,120.1121,25.8101,500,50,0,我方,
我方舰载机,进攻,舰载机编队,20260629170001,120.1141,25.8301,500,50,0,我方,
我方驱逐舰,进攻,驱逐舰,20260629170001,120.1161,25.8611,500,50,0,我方,
我方补给舰,进攻,补给舰,20260629170001,120.1271,25.8811,500,50,0,我方,
预警机/侦察机1,进攻,预警机/侦察机,20260629170001,128.4791196,25,0,,,目标,
预警机/侦察机1,进攻,预警机/侦察机,20260629170002,128.5619557,25,0,,,目标,e7.png
预警机/侦察机1,进攻,预警机/侦察机,20260629170003,128.6447919,25,0,,,目标,
预警机/侦察机1,进攻,预警机/侦察机,20260629170004,128.7276281,25,0,,,目标,
预警机/侦察机1,进攻,预警机/侦察机,20260629170005,128.8104643,25,0,,,目标,
预警机/侦察机1,进攻,预警机/侦察机,20260629170006,128.8933005,25,0,,,目标,
预警机/侦察机1,进攻,预警机/侦察机,20260629170007,128.9761366,25,0,,,目标,
预警机/侦察机1,进攻,预警机/侦察机,20260629170008,129.0589728,25,0,,,目标,
预警机/侦察机1,进攻,预警机/侦察机,20260629170009,129.141809,25,0,,,目标,
预警机/侦察机1,进攻,预警机/侦察机,20260629170010,129.2246452,25,0,,,目标,
预警机/侦察机1,进攻,预警机/侦察机,20260629170011,129.3074814,25,0,,,目标,
预警机/侦察机1,进攻,预警机/侦察机,20260629170012,129.3903175,25,0,,,目标,
预警机/侦察机1,进攻,预警机/侦察机,20260629170013,129.4731537,25,0,,,目标,
预警机/侦察机1,进攻,预警机/侦察机,20260629170014,129.5559899,25,0,,,目标,
预警机/侦察机1,进攻,预警机/侦察机,20260629170015,129.6388261,25,0,,,目标,
预警机/侦察机1,进攻,预警机/侦察机,20260629170016,129.7216623,25,0,,,目标,
预警机/侦察机1,进攻,预警机/侦察机,20260629170017,129.8044984,25,0,,,目标,
预警机/侦察机1,进攻,预警机/侦察机,20260629170018,129.8873346,25,0,,,目标,
预警机/侦察机1,进攻,预警机/侦察机,20260629170019,129.9701708,25,0,,,目标,
预警机/侦察机1,进攻,预警机/侦察机,20260629170020,130.053007,25,0,,,目标,
预警机/侦察机1,进攻,预警机/侦察机,20260629170021,130.1358432,25,0,,,目标,
预警机/侦察机1,进攻,预警机/侦察机,20260629170022,130.2186793,25,0,,,目标,
预警机/侦察机1,进攻,预警机/侦察机,20260629170023,130.3015155,25,0,,,目标,
预警机/侦察机1,进攻,预警机/侦察机,20260629170024,130.3843517,25,0,,,目标,
预警机/侦察机1,进攻,预警机/侦察机,20260629170025,130.4671879,25,0,,,目标,
舰载机编队1,进攻,舰载机编队,20260629170001,126.5158869,24.99308678,0,,,目标,
舰载机编队1,进攻,舰载机编队,20260629170002,126.6062718,25.07615149,0,,,目标,
舰载机编队1,进攻,舰载机编队,20260629170003,126.6450159,24.98829315,0,,,目标,c5.png
舰载机编队1,进攻,舰载机编队,20260629170004,126.8185204,25.03837174,0,,,目标,
舰载机编队1,进攻,舰载机编队,20260629170005,126.7989222,25.027128,0,,,目标,
舰载机编队1,进攻,舰载机编队,20260629170006,126.8820613,24.97671351,0,,,目标,
舰载机编队1,进攻,舰载机编队,20260629170007,127.0001664,24.90433599,0,,,目标,
舰载机编队1,进攻,舰载机编队,20260629170008,126.9846586,24.97188562,0,,,目标,
舰载机编队1,进攻,舰载机编队,20260629170009,127.1030991,25.01571237,0,,,目标,
舰载机编队1,进攻,舰载机编队,20260629170010,127.1911757,24.92938481,0,,,目标,
舰载机编队1,进攻,舰载机编队,20260629170011,127.3926955,24.98871118,0,,,目标,
舰载机编队1,进攻,舰载机编队,20260629170012,127.4056256,24.92876259,0,,,目标,
舰载机编队1,进攻,舰载机编队,20260629170013,127.4578663,25.00554613,0,,,目标,
舰载机编队1,进攻,舰载机编队,20260629170014,127.5103719,25.0187849,0,,,目标,
舰载机编队1,进攻,舰载机编队,20260629170015,127.6207258,24.98541531,0,,,目标,
舰载机编队1,进攻,舰载机编队,20260629170016,127.7035086,25.09261391,0,,,目标,
舰载机编队1,进攻,舰载机编队,20260629170017,127.8157553,24.94711445,0,,,目标,
舰载机编队1,进攻,舰载机编队,20260629170018,127.9403935,24.93895782,0,,,目标,
舰载机编队1,进攻,舰载机编队,20260629170019,127.9925457,24.90201649,0,,,目标,
舰载机编队1,进攻,舰载机编队,20260629170020,127.9985294,25.00984306,0,,,目标,
舰载机编队1,进攻,舰载机编队,20260629170021,128.1846982,25.00856841,0,,,目标,
舰载机编队1,进攻,舰载机编队,20260629170022,128.2248286,24.98494482,0,,,目标,
舰载机编队1,进攻,舰载机编队,20260629170023,128.2395211,24.96400779,0,,,目标,
舰载机编队1,进攻,舰载机编队,20260629170024,128.3732514,25.05285611,0,,,目标,
舰载机编队1,进攻,舰载机编队,20260629170025,128.4963005,24.91184799,0,,,目标,
航母1,进攻,航母,20260629170001,125,25,0,,,目标,
航母1,进攻,航母,20260629170002,125.0828362,25,0,,,目标,
航母1,进攻,航母,20260629170003,125.1656724,25,0,,,目标,
航母1,进攻,航母,20260629170004,125.2485085,25,0,,,目标,cvn.png
航母1,进攻,航母,20260629170005,125.3313447,25,0,,,目标,
航母1,进攻,航母,20260629170006,125.4141809,25,0,,,目标,
航母1,进攻,航母,20260629170007,125.4970171,25,0,,,目标,
航母1,进攻,航母,20260629170008,125.5798533,25,0,,,目标,
航母1,进攻,航母,20260629170009,125.6626894,25,0,,,目标,
航母1,进攻,航母,20260629170010,125.7455256,25,0,,,目标,
航母1,进攻,航母,20260629170011,125.8283618,25,0,,,目标,
航母1,进攻,航母,20260629170012,125.911198,25,0,,,目标,
航母1,进攻,航母,20260629170013,125.9940342,25,0,,,目标,
航母1,进攻,航母,20260629170014,126.0768703,25,0,,,目标,
航母1,进攻,航母,20260629170015,126.1597065,25,0,,,目标,
航母1,进攻,航母,20260629170016,126.2425427,25,0,,,目标,
航母1,进攻,航母,20260629170017,126.3253789,25,0,,,目标,
航母1,进攻,航母,20260629170018,126.4082151,25,0,,,目标,
航母1,进攻,航母,20260629170019,126.4910512,25,0,,,目标,
航母1,进攻,航母,20260629170020,126.5738874,25,0,,,目标,
航母1,进攻,航母,20260629170021,126.6567236,25,0,,,目标,
航母1,进攻,航母,20260629170022,126.7395598,25,0,,,目标,
航母1,进攻,航母,20260629170023,126.822396,25,0,,,目标,
航母1,进攻,航母,20260629170024,126.9052321,25,0,,,目标,
航母1,进攻,航母,20260629170025,126.9880683,25,0,,,目标,
驱逐舰1,进攻,驱逐舰,20260629170001,125,25.13513514,0,,,目标,ali.png
驱逐舰1,进攻,驱逐舰,20260629170002,125.0828362,25.13513514,0,,,目标,
驱逐舰1,进攻,驱逐舰,20260629170003,125.1656724,25.13513514,0,,,目标,
驱逐舰1,进攻,驱逐舰,20260629170004,125.2485085,25.13513514,0,,,目标,
驱逐舰1,进攻,驱逐舰,20260629170005,125.3313447,25.13513514,0,,,目标,
驱逐舰1,进攻,驱逐舰,20260629170006,125.4141809,25.13513514,0,,,目标,
驱逐舰1,进攻,驱逐舰,20260629170007,125.4970171,25.13513514,0,,,目标,
驱逐舰1,进攻,驱逐舰,20260629170008,125.5798533,25.13513514,0,,,目标,
驱逐舰1,进攻,驱逐舰,20260629170009,125.6626894,25.13513514,0,,,目标,
驱逐舰1,进攻,驱逐舰,20260629170010,125.7455256,25.13513514,0,,,目标,
驱逐舰1,进攻,驱逐舰,20260629170011,125.8283618,25.13513514,0,,,目标,
驱逐舰1,进攻,驱逐舰,20260629170012,125.911198,25.13513514,0,,,目标,
驱逐舰1,进攻,驱逐舰,20260629170013,125.9940342,25.13513514,0,,,目标,
驱逐舰1,进攻,驱逐舰,20260629170014,126.0768703,25.13513514,0,,,目标,
驱逐舰1,进攻,驱逐舰,20260629170015,126.1597065,25.13513514,0,,,目标,
驱逐舰1,进攻,驱逐舰,20260629170016,126.2425427,25.13513514,0,,,目标,
驱逐舰1,进攻,驱逐舰,20260629170017,126.3253789,25.13513514,0,,,目标,
驱逐舰1,进攻,驱逐舰,20260629170018,126.4082151,25.13513514,0,,,目标,
驱逐舰1,进攻,驱逐舰,20260629170019,126.4910512,25.13513514,0,,,目标,
驱逐舰1,进攻,驱逐舰,20260629170020,126.5738874,25.13513514,0,,,目标,
驱逐舰1,进攻,驱逐舰,20260629170021,126.6567236,25.13513514,0,,,目标,
驱逐舰1,进攻,驱逐舰,20260629170022,126.7395598,25.13513514,0,,,目标,
驱逐舰1,进攻,驱逐舰,20260629170023,126.822396,25.13513514,0,,,目标,
驱逐舰1,进攻,驱逐舰,20260629170024,126.9052321,25.13513514,0,,,目标,
驱逐舰1,进攻,驱逐舰,20260629170025,126.9880683,25.13513514,0,,,目标,
驱逐舰1,进攻,驱逐舰,20260629170001,125,24.86486486,0,,,目标,
驱逐舰1,进攻,驱逐舰,20260629170002,125.0828362,24.86486486,0,,,目标,
驱逐舰1,进攻,驱逐舰,20260629170003,125.1656724,24.86486486,0,,,目标,
驱逐舰1,进攻,驱逐舰,20260629170004,125.2485085,24.86486486,0,,,目标,
驱逐舰1,进攻,驱逐舰,20260629170005,125.3313447,24.86486486,0,,,目标,
驱逐舰1,进攻,驱逐舰,20260629170006,125.4141809,24.86486486,0,,,目标,
驱逐舰1,进攻,驱逐舰,20260629170007,125.4970171,24.86486486,0,,,目标,
驱逐舰1,进攻,驱逐舰,20260629170008,125.5798533,24.86486486,0,,,目标,
驱逐舰1,进攻,驱逐舰,20260629170009,125.6626894,24.86486486,0,,,目标,
驱逐舰1,进攻,驱逐舰,20260629170010,125.7455256,24.86486486,0,,,目标,
驱逐舰1,进攻,驱逐舰,20260629170011,125.8283618,24.86486486,0,,,目标,
驱逐舰1,进攻,驱逐舰,20260629170012,125.911198,24.86486486,0,,,目标,
驱逐舰1,进攻,驱逐舰,20260629170013,125.9940342,24.86486486,0,,,目标,
驱逐舰1,进攻,驱逐舰,20260629170014,126.0768703,24.86486486,0,,,目标,
驱逐舰1,进攻,驱逐舰,20260629170015,126.1597065,24.86486486,0,,,目标,
驱逐舰1,进攻,驱逐舰,20260629170016,126.2425427,24.86486486,0,,,目标,
驱逐舰1,进攻,驱逐舰,20260629170017,126.3253789,24.86486486,0,,,目标,
驱逐舰1,进攻,驱逐舰,20260629170018,126.4082151,24.86486486,0,,,目标,
驱逐舰1,进攻,驱逐舰,20260629170019,126.4910512,24.86486486,0,,,目标,
驱逐舰1,进攻,驱逐舰,20260629170020,126.5738874,24.86486486,0,,,目标,
驱逐舰1,进攻,驱逐舰,20260629170021,126.6567236,24.86486486,0,,,目标,
驱逐舰1,进攻,驱逐舰,20260629170022,126.7395598,24.86486486,0,,,目标,
驱逐舰1,进攻,驱逐舰,20260629170023,126.822396,24.86486486,0,,,目标,
驱逐舰1,进攻,驱逐舰,20260629170024,126.9052321,24.86486486,0,,,目标,
驱逐舰1,进攻,驱逐舰,20260629170025,126.9880683,24.86486486,0,,,目标,
补给舰1,进攻,补给舰,20260629170001,123.5089488,25,0,,,目标,
补给舰1,进攻,补给舰,20260629170002,123.5917849,25,0,,,目标,
补给舰1,进攻,补给舰,20260629170003,123.6746211,25,0,,,目标,
补给舰1,进攻,补给舰,20260629170004,123.7574573,25,0,,,目标,
补给舰1,进攻,补给舰,20260629170005,123.8402935,25,0,,,目标,
补给舰1,进攻,补给舰,20260629170006,123.9231297,25,0,,,目标,
补给舰1,进攻,补给舰,20260629170007,124.0059658,25,0,,,目标,
补给舰1,进攻,补给舰,20260629170008,124.088802,25,0,,,目标,
补给舰1,进攻,补给舰,20260629170009,124.1716382,25,0,,,目标,
补给舰1,进攻,补给舰,20260629170010,124.2544744,25,0,,,目标,
补给舰1,进攻,补给舰,20260629170011,124.3373106,25,0,,,目标,
补给舰1,进攻,补给舰,20260629170012,124.4201467,25,0,,,目标,
补给舰1,进攻,补给舰,20260629170013,124.5029829,25,0,,,目标,
补给舰1,进攻,补给舰,20260629170014,124.5858191,25,0,,,目标,
补给舰1,进攻,补给舰,20260629170015,124.6686553,25,0,,,目标,
补给舰1,进攻,补给舰,20260629170016,124.7514915,25,0,,,目标,
补给舰1,进攻,补给舰,20260629170017,124.8343276,25,0,,,目标,
补给舰1,进攻,补给舰,20260629170018,124.9171638,25,0,,,目标,
补给舰1,进攻,补给舰,20260629170019,125,25,0,,,目标,
补给舰1,进攻,补给舰,20260629170020,125.0828362,25,0,,,目标,
补给舰1,进攻,补给舰,20260629170021,125.1656724,25,0,,,目标,
补给舰1,进攻,补给舰,20260629170022,125.2485085,25,0,,,目标,
补给舰1,进攻,补给舰,20260629170023,125.3313447,25,0,,,目标,
补给舰1,进攻,补给舰,20260629170024,125.4141809,25,0,,,目标,
补给舰1,进攻,补给舰,20260629170025,125.4970171,25,0,,,目标,
潜艇1,进攻,潜艇,20260629170001,125.4970171,25.01459838,0,,,目标,
潜艇1,进攻,潜艇,20260629170002,125.5798533,24.98265395,0,,,目标,
潜艇1,进攻,潜艇,20260629170003,125.6626894,24.96950802,0,,,目标,
潜艇1,进攻,潜艇,20260629170004,125.7455256,25.02755299,0,,,目标,
潜艇1,进攻,潜艇,20260629170005,125.8283618,25.04644142,0,,,目标,
潜艇1,进攻,潜艇,20260629170006,125.911198,25.04194955,0,,,目标,
潜艇1,进攻,潜艇,20260629170007,125.9940342,24.96219741,0,,,目标,
潜艇1,进攻,潜艇,20260629170008,126.0768703,24.98607151,0,,,目标,
潜艇1,进攻,潜艇,20260629170009,126.1597065,25.01492178,0,,,目标,
潜艇1,进攻,潜艇,20260629170010,126.2425427,25.04394347,0,,,目标,
潜艇1,进攻,潜艇,20260629170011,126.3253789,24.97841557,0,,,目标,
潜艇1,进攻,潜艇,20260629170012,126.4082151,24.99163698,0,,,目标,
潜艇1,进攻,潜艇,20260629170013,126.4910512,24.95016509,0,,,目标,
潜艇1,进攻,潜艇,20260629170014,126.5738874,24.94611682,0,,,目标,
潜艇1,进攻,潜艇,20260629170015,126.6567236,25.03660026,0,,,目标,
潜艇1,进攻,潜艇,20260629170016,126.7395598,25.06109189,0,,,目标,
潜艇1,进攻,潜艇,20260629170017,126.822396,24.9967563,0,,,目标,
潜艇1,进攻,潜艇,20260629170018,126.9052321,25.04520418,0,,,目标,
潜艇1,进攻,潜艇,20260629170019,126.9880683,25.01628991,0,,,目标,
潜艇1,进攻,潜艇,20260629170020,127.0709045,24.97094055,0,,,目标,
潜艇1,进攻,潜艇,20260629170021,127.1537407,25.01627908,0,,,目标,
潜艇1,进攻,潜艇,20260629170022,127.2365769,25.06928093,0,,,目标,
潜艇1,进攻,潜艇,20260629170023,127.319413,24.99838621,0,,,目标,
潜艇1,进攻,潜艇,20260629170024,127.4022492,25.07047944,0,,,目标,
潜艇1,进攻,潜艇,20260629170025,127.4850854,24.88199346,0,,,目标,
预警机/侦察机1,佯攻,预警机/侦察机,20260629170101,123.773271,22.230629,0,,,目标,b1b.png
预警机/侦察机1,佯攻,预警机/侦察机,20260629170102,123.752066,22.149102,0,,,目标,
预警机/侦察机1,佯攻,预警机/侦察机,20260629170103,123.691591,22.093524,0,,,目标,
预警机/侦察机1,佯攻,预警机/侦察机,20260629170104,123.735516,22.157757,0,,,目标,
预警机/侦察机1,佯攻,预警机/侦察机,20260629170105,123.734523,22.211825,0,,,目标,
预警机/侦察机1,佯攻,预警机/侦察机,20260629170106,123.692386,22.139933,0,,,目标,
预警机/侦察机1,佯攻,预警机/侦察机,20260629170107,123.67877,22.158003,0,,,目标,
预警机/侦察机1,佯攻,预警机/侦察机,20260629170108,123.729186,22.147997,0,,,目标,
预警机/侦察机1,佯攻,预警机/侦察机,20260629170109,123.72901,22.148721,0,,,目标,
预警机/侦察机1,佯攻,预警机/侦察机,20260629170110,123.760898,22.114163,0,,,目标,
预警机/侦察机1,佯攻,预警机/侦察机,20260629170111,123.767966,22.089018,0,,,目标,
预警机/侦察机1,佯攻,预警机/侦察机,20260629170112,123.755068,22.145859,0,,,目标,
预警机/侦察机1,佯攻,预警机/侦察机,20260629170113,123.691813,22.236985,0,,,目标,
预警机/侦察机1,佯攻,预警机/侦察机,20260629170114,123.660359,22.29271,0,,,目标,
预警机/侦察机1,佯攻,预警机/侦察机,20260629170115,123.640525,22.262943,0,,,目标,
预警机/侦察机1,佯攻,预警机/侦察机,20260629170116,123.657289,22.306359,0,,,目标,
预警机/侦察机1,佯攻,预警机/侦察机,20260629170117,123.691802,22.302258,0,,,目标,
预警机/侦察机1,佯攻,预警机/侦察机,20260629170118,123.701752,22.37011,0,,,目标,
预警机/侦察机1,佯攻,预警机/侦察机,20260629170119,123.697121,22.374637,0,,,目标,
预警机/侦察机1,佯攻,预警机/侦察机,20260629170120,123.823224,22.372056,0,,,目标,
预警机/侦察机1,佯攻,预警机/侦察机,20260629170121,123.831558,22.368091,0,,,目标,
预警机/侦察机1,佯攻,预警机/侦察机,20260629170122,123.844388,22.436987,0,,,目标,
预警机/侦察机1,佯攻,预警机/侦察机,20260629170123,123.848188,22.353905,0,,,目标,
预警机/侦察机1,佯攻,预警机/侦察机,20260629170124,123.821415,22.396915,0,,,目标,
预警机/侦察机1,佯攻,预警机/侦察机,20260629170125,123.837505,22.419371,0,,,目标,
舰载机编队1,佯攻,舰载机编队,20260629170101,123.489982,22.758163,0,,,目标,
舰载机编队1,佯攻,舰载机编队,20260629170102,123.57091,22.77517,0,,,目标,
舰载机编队1,佯攻,舰载机编队,20260629170103,123.511428,22.790784,0,,,目标,
舰载机编队1,佯攻,舰载机编队,20260629170104,123.394083,22.736845,0,,,目标,
舰载机编队1,佯攻,舰载机编队,20260629170105,123.426509,22.633282,0,,,目标,
舰载机编队1,佯攻,舰载机编队,20260629170106,123.440314,22.670209,0,,,目标,
舰载机编队1,佯攻,舰载机编队,20260629170107,123.491538,22.668745,0,,,目标,
舰载机编队1,佯攻,舰载机编队,20260629170108,123.504384,22.652654,0,,,目标,
舰载机编队1,佯攻,舰载机编队,20260629170109,123.519991,22.637028,0,,,目标,
舰载机编队1,佯攻,舰载机编队,20260629170110,123.514825,22.779517,0,,,目标,
舰载机编队1,佯攻,舰载机编队,20260629170111,123.540629,22.796827,0,,,目标,
舰载机编队1,佯攻,舰载机编队,20260629170112,123.508974,22.798387,0,,,目标,
舰载机编队1,佯攻,舰载机编队,20260629170113,123.437167,22.825721,0,,,目标,
舰载机编队1,佯攻,舰载机编队,20260629170114,123.369254,22.714962,0,,,目标,
舰载机编队1,佯攻,舰载机编队,20260629170115,123.446917,22.716436,0,,,目标,
舰载机编队1,佯攻,舰载机编队,20260629170116,123.437739,22.681022,0,,,目标,
舰载机编队1,佯攻,舰载机编队,20260629170117,123.45027,22.676933,0,,,目标,
舰载机编队1,佯攻,舰载机编队,20260629170118,123.478785,22.70461,0,,,目标,
舰载机编队1,佯攻,舰载机编队,20260629170119,123.443339,22.784638,0,,,目标,
舰载机编队1,佯攻,舰载机编队,20260629170120,123.444835,22.78166,0,,,目标,
舰载机编队1,佯攻,舰载机编队,20260629170121,123.447037,22.830723,0,,,目标,
舰载机编队1,佯攻,舰载机编队,20260629170122,123.444977,22.823303,0,,,目标,
舰载机编队1,佯攻,舰载机编队,20260629170123,123.424079,22.832554,0,,,目标,
舰载机编队1,佯攻,舰载机编队,20260629170124,123.435265,22.772753,0,,,目标,
舰载机编队1,佯攻,舰载机编队,20260629170125,123.41953,22.807122,0,,,目标,
预警机/侦察机1,制空拦截,预警机/侦察机,20260629170201,126.9880683,25,0,,,目标,
预警机/侦察机1,制空拦截,预警机/侦察机,20260629170202,127.0294864,25.02240449,0,,,目标,
预警机/侦察机1,制空拦截,预警机/侦察机,20260629170203,127.0709045,25.04340123,0,,,目标,
预警机/侦察机1,制空拦截,预警机/侦察机,20260629170204,127.1123226,25.06167091,0,,,目标,
预警机/侦察机1,制空拦截,预警机/侦察机,20260629170205,127.1537407,25.07606558,0,,,目标,
预警机/侦察机1,制空拦截,预警机/侦察机,20260629170206,127.1951588,25.08568077,0,,,目标,
预警机/侦察机1,制空拦截,预警机/侦察机,20260629170207,127.2365769,25.08991232,0,,,目标,
预警机/侦察机1,制空拦截,预警机/侦察机,20260629170208,127.277995,25.08849435,0,,,目标,
预警机/侦察机1,制空拦截,预警机/侦察机,20260629170209,127.319413,25.08151595,0,,,目标,
预警机/侦察机1,制空拦截,预警机/侦察机,20260629170210,127.3608311,25.06941561,0,,,目标,
预警机/侦察机1,制空拦截,预警机/侦察机,20260629170211,127.4022492,25.05295363,0,,,目标,
预警机/侦察机1,制空拦截,预警机/侦察机,20260629170212,127.4436673,25.03316437,0,,,目标,
预警机/侦察机1,制空拦截,预警机/侦察机,20260629170213,127.4850854,25.01129128,0,,,目标,
预警机/侦察机1,制空拦截,预警机/侦察机,20260629170214,127.5265035,24.98870872,0,,,目标,
预警机/侦察机1,制空拦截,预警机/侦察机,20260629170215,127.5679216,24.96683563,0,,,目标,
预警机/侦察机1,制空拦截,预警机/侦察机,20260629170216,127.6093397,24.94704637,0,,,目标,
预警机/侦察机1,制空拦截,预警机/侦察机,20260629170217,127.6507578,24.93058439,0,,,目标,
预警机/侦察机1,制空拦截,预警机/侦察机,20260629170218,127.6921759,24.91848405,0,,,目标,
预警机/侦察机1,制空拦截,预警机/侦察机,20260629170219,127.7335939,24.91150565,0,,,目标,
预警机/侦察机1,制空拦截,预警机/侦察机,20260629170220,127.775012,24.91008768,0,,,目标,
预警机/侦察机1,制空拦截,预警机/侦察机,20260629170221,127.8164301,24.91431923,0,,,目标,
预警机/侦察机1,制空拦截,预警机/侦察机,20260629170222,127.8578482,24.92393442,0,,,目标,
预警机/侦察机1,制空拦截,预警机/侦察机,20260629170223,127.8992663,24.93832909,0,,,目标,
预警机/侦察机1,制空拦截,预警机/侦察机,20260629170224,127.9406844,24.95659877,0,,,目标,
预警机/侦察机1,制空拦截,预警机/侦察机,20260629170225,127.9821025,24.97759551,0,,,目标,
舰载机编队1,制空拦截,舰载机编队,20260629170201,125,25.09009009,0,,,目标,
舰载机编队1,制空拦截,舰载机编队,20260629170202,125.2899266,25.04867588,0,,,目标,
舰载机编队1,制空拦截,舰载机编队,20260629170203,125.5798533,24.96250929,0,,,目标,
舰载机编队1,制空拦截,舰载机编队,20260629170204,125.8697799,24.91081149,0,,,目标,
舰载机编队1,制空拦截,舰载机编队,20260629170205,126.1597065,24.94111319,0,,,目标,
舰载机编队1,制空拦截,舰载机编队,20260629170206,126.4496332,25.02555515,0,,,目标,
舰载机编队1,制空拦截,舰载机编队,20260629170207,126.7395598,25.08650183,0,,,目标,
舰载机编队1,制空拦截,舰载机编队,20260629170208,127.0294864,25.06791912,0,,,目标,
舰载机编队1,制空拦截,舰载机编队,20260629170209,127.319413,24.98689189,0,,,目标,
舰载机编队1,制空拦截,舰载机编队,20260629170210,127.6093397,24.91791619,0,,,目标,
舰载机编队1,制空拦截,舰载机编队,20260629170211,127.7911112,24.92440797,0,,,目标,
舰载机编队1,制空拦截,舰载机编队,20260629170212,127.7418795,25.00039871,0,,,目标,
舰载机编队1,制空拦截,舰载机编队,20260629170213,127.8754281,25.07602288,0,,,目标,
舰载机编队1,制空拦截,舰载机编队,20260629170214,128.1070527,25.08175196,0,,,目标,
舰载机编队1,制空拦截,舰载机编队,20260629170215,128.2618782,25.01231867,0,,,目标,
舰载机编队1,制空拦截,舰载机编队,20260629170216,128.2356384,24.93155965,0,,,目标,
舰载机编队1,制空拦截,舰载机编队,20260629170217,128.0905377,24.91372437,0,,,目标,
舰载机编队1,制空拦截,舰载机编队,20260629170218,127.9980605,24.97521051,0,,,目标,
舰载机编队1,制空拦截,舰载机编队,20260629170219,128.0813096,25.05948799,0,,,目标,
舰载机编队1,制空拦截,舰载机编队,20260629170220,128.3018257,25.08907249,0,,,目标,
舰载机编队1,制空拦截,舰载机编队,20260629170221,128.494947,25.03676415,0,,,目标,
舰载机编队1,制空拦截,舰载机编队,20260629170222,128.5211982,24.95065502,0,,,目标,
舰载机编队1,制空拦截,舰载机编队,20260629170223,128.3945237,24.90991344,0,,,目标,
舰载机编队1,制空拦截,舰载机编队,20260629170224,128.2694671,24.95199703,0,,,目标,
舰载机编队1,制空拦截,舰载机编队,20260629170225,128.2990844,25.03821432,0,,,目标,
航母1,制空拦截,航母,20260629170201,125,25,0,,,目标,
航母1,制空拦截,航母,20260629170202,125.0414181,25,0,,,目标,
航母1,制空拦截,航母,20260629170203,125.0828362,25,0,,,目标,
航母1,制空拦截,航母,20260629170204,125.1242543,25,0,,,目标,
航母1,制空拦截,航母,20260629170205,125.1656724,25,0,,,目标,
航母1,制空拦截,航母,20260629170206,125.2070905,25,0,,,目标,
航母1,制空拦截,航母,20260629170207,125.2485085,25,0,,,目标,
航母1,制空拦截,航母,20260629170208,125.2899266,25,0,,,目标,
航母1,制空拦截,航母,20260629170209,125.3313447,25,0,,,目标,
航母1,制空拦截,航母,20260629170210,125.3727628,25,0,,,目标,
航母1,制空拦截,航母,20260629170211,125.4141809,25,0,,,目标,
航母1,制空拦截,航母,20260629170212,125.455599,25,0,,,目标,
航母1,制空拦截,航母,20260629170213,125.4970171,25,0,,,目标,
航母1,制空拦截,航母,20260629170214,125.5384352,25,0,,,目标,
航母1,制空拦截,航母,20260629170215,125.5798533,25,0,,,目标,
航母1,制空拦截,航母,20260629170216,125.6212714,25,0,,,目标,
航母1,制空拦截,航母,20260629170217,125.6626894,25,0,,,目标,
航母1,制空拦截,航母,20260629170218,125.7041075,25,0,,,目标,
航母1,制空拦截,航母,20260629170219,125.7455256,25,0,,,目标,
航母1,制空拦截,航母,20260629170220,125.7869437,25,0,,,目标,
航母1,制空拦截,航母,20260629170221,125.8283618,25,0,,,目标,
航母1,制空拦截,航母,20260629170222,125.8697799,25,0,,,目标,
航母1,制空拦截,航母,20260629170223,125.911198,25,0,,,目标,
航母1,制空拦截,航母,20260629170224,125.9526161,25,0,,,目标,
航母1,制空拦截,航母,20260629170225,125.9940342,25,0,,,目标,
驱逐舰1,制空拦截,驱逐舰,20260629170201,125.2702703,25,0,,,目标,
驱逐舰1,制空拦截,驱逐舰,20260629170202,125.2786026,25.12957447,0,,,目标,
驱逐舰1,制空拦截,驱逐舰,20260629170203,125.2288638,25.22742459,0,,,目标,
驱逐舰1,制空拦截,驱逐舰,20260629170204,125.1433724,25.26959324,0,,,目标,
驱逐舰1,制空拦截,驱逐舰,20260629170205,125.0532002,25.24575606,0,,,目标,
驱逐舰1,制空拦截,驱逐舰,20260629170206,124.9905651,25.16174923,0,,,目标,
驱逐舰1,制空拦截,驱逐舰,20260629170207,124.980943,25.03814054,0,,,目标,
驱逐舰1,制空拦截,驱逐舰,20260629170208,125.0368302,24.90519372,0,,,目标,
驱逐舰1,制空拦截,驱逐舰,20260629170209,125.1546843,24.79545879,0,,,目标,
驱逐舰1,制空拦截,驱逐舰,20260629170210,125.315791,24.73580267,0,,,目标,
驱逐舰1,制空拦截,驱逐舰,20260629170211,125.4908464,24.74083128,0,,,目标,
驱逐舰1,制空拦截,驱逐舰,20260629170212,125.6471314,24.80931343,0,,,目标,
驱逐舰1,制空拦截,驱逐舰,20260629170213,125.7565226,24.9244823,0,,,目标,
驱逐舰1,制空拦截,驱逐舰,20260629170214,125.8023778,25.05814054,0,,,目标,
驱逐舰1,制空拦截,驱逐舰,20260629170215,125.7836106,25.17756395,0,,,目标,
驱逐舰1,制空拦截,驱逐舰,20260629170216,125.7149566,25.25351351,0,,,目标,
驱逐舰1,制空拦截,驱逐舰,20260629170217,125.6233651,25.26739412,0,,,目标,
驱逐舰1,制空拦截,驱逐舰,20260629170218,125.5414016,25.21580733,0,,,目标,
驱逐舰1,制空拦截,驱逐舰,20260629170219,125.4992742,25.11138337,0,,,目标,
驱逐舰1,制空拦截,驱逐舰,20260629170220,125.5174377,24.97968889,0,,,目标,
驱逐舰1,制空拦截,驱逐舰,20260629170221,125.6015857,24.85296727,0,,,目标,
驱逐舰1,制空拦截,驱逐舰,20260629170222,125.7412564,24.76224439,0,,,目标,
驱逐舰1,制空拦截,驱逐舰,20260629170223,125.9123941,24.72973238,0,,,目标,
驱逐舰1,制空拦截,驱逐舰,20260629170224,126.083239,24.7633913,0,,,目标,
驱逐舰1,制空拦截,驱逐舰,20260629170225,126.2221028,24.85498029,0,,,目标,
补给舰1,制空拦截,补给舰,20260629170201,124.0059658,25,0,,,目标,
补给舰1,制空拦截,补给舰,20260629170202,124.0473839,25,0,,,目标,
补给舰1,制空拦截,补给舰,20260629170203,124.088802,25,0,,,目标,
补给舰1,制空拦截,补给舰,20260629170204,124.1302201,25,0,,,目标,
补给舰1,制空拦截,补给舰,20260629170205,124.1716382,25,0,,,目标,
补给舰1,制空拦截,补给舰,20260629170206,124.2130563,25,0,,,目标,
补给舰1,制空拦截,补给舰,20260629170207,124.2544744,25,0,,,目标,
补给舰1,制空拦截,补给舰,20260629170208,124.2958925,25,0,,,目标,
补给舰1,制空拦截,补给舰,20260629170209,124.3373106,25,0,,,目标,
补给舰1,制空拦截,补给舰,20260629170210,124.3787286,25,0,,,目标,
补给舰1,制空拦截,补给舰,20260629170211,124.4201467,25,0,,,目标,
补给舰1,制空拦截,补给舰,20260629170212,124.4615648,25,0,,,目标,
补给舰1,制空拦截,补给舰,20260629170213,124.5029829,25,0,,,目标,
补给舰1,制空拦截,补给舰,20260629170214,124.544401,25,0,,,目标,
补给舰1,制空拦截,补给舰,20260629170215,124.5858191,25,0,,,目标,
补给舰1,制空拦截,补给舰,20260629170216,124.6272372,25,0,,,目标,
补给舰1,制空拦截,补给舰,20260629170217,124.6686553,25,0,,,目标,
补给舰1,制空拦截,补给舰,20260629170218,124.7100734,25,0,,,目标,
补给舰1,制空拦截,补给舰,20260629170219,124.7514915,25,0,,,目标,
补给舰1,制空拦截,补给舰,20260629170220,124.7929095,25,0,,,目标,
补给舰1,制空拦截,补给舰,20260629170221,124.8343276,25,0,,,目标,
补给舰1,制空拦截,补给舰,20260629170222,124.8757457,25,0,,,目标,
补给舰1,制空拦截,补给舰,20260629170223,124.9171638,25,0,,,目标,
补给舰1,制空拦截,补给舰,20260629170224,124.9585819,25,0,,,目标,
补给舰1,制空拦截,补给舰,20260629170225,125,25,0,,,目标,
潜艇1,制空拦截,潜艇,20260629170201,125.9940342,24.87248912,0,,,目标,
潜艇1,制空拦截,潜艇,20260629170202,126.0354523,24.96210402,0,,,目标,
潜艇1,制空拦截,潜艇,20260629170203,126.0768703,24.96912482,0,,,目标,
潜艇1,制空拦截,潜艇,20260629170204,126.1182884,24.92772277,0,,,目标,
潜艇1,制空拦截,潜艇,20260629170205,126.1597065,24.98546976,0,,,目标,
潜艇1,制空拦截,潜艇,20260629170206,126.2011246,25.03640098,0,,,目标,
潜艇1,制空拦截,潜艇,20260629170207,126.2425427,25.16992666,0,,,目标,
潜艇1,制空拦截,潜艇,20260629170208,126.2839608,25.01572773,0,,,目标,
潜艇1,制空拦截,潜艇,20260629170209,126.3253789,25.02320274,0,,,目标,
潜艇1,制空拦截,潜艇,20260629170210,126.366797,24.99329316,0,,,目标,
潜艇1,制空拦截,潜艇,20260629170211,126.4082151,24.82713773,0,,,目标,
潜艇1,制空拦截,潜艇,20260629170212,126.4496332,24.99761136,0,,,目标,
潜艇1,制空拦截,潜艇,20260629170213,126.4910512,25.00542615,0,,,目标,
潜艇1,制空拦截,潜艇,20260629170214,126.5324693,25.2219137,0,,,目标,
潜艇1,制空拦截,潜艇,20260629170215,126.5738874,24.98267018,0,,,目标,
潜艇1,制空拦截,潜艇,20260629170216,126.6153055,25.02716643,0,,,目标,
潜艇1,制空拦截,潜艇,20260629170217,126.6567236,24.99687281,0,,,目标,
潜艇1,制空拦截,潜艇,20260629170218,126.6981417,24.89471369,0,,,目标,
潜艇1,制空拦截,潜艇,20260629170219,126.7395598,25.10295701,0,,,目标,
潜艇1,制空拦截,潜艇,20260629170220,126.7809779,25.06774171,0,,,目标,
潜艇1,制空拦截,潜艇,20260629170221,126.822396,25.07126414,0,,,目标,
潜艇1,制空拦截,潜艇,20260629170222,126.8638141,24.9180732,0,,,目标,
潜艇1,制空拦截,潜艇,20260629170223,126.9052321,25.12637787,0,,,目标,
潜艇1,制空拦截,潜艇,20260629170224,126.9466502,24.87370711,0,,,目标,
潜艇1,制空拦截,潜艇,20260629170225,126.9880683,25.05287001,0,,,目标,
预警机/侦察机1,防御,预警机/侦察机,20260629170301,125.9940342,25,0,,,目标,
预警机/侦察机1,防御,预警机/侦察机,20260629170302,125.9628048,25.22404494,0,,,目标,
预警机/侦察机1,防御,预警机/侦察机,20260629170303,125.8710788,25.43401232,0,,,目标,
预警机/侦察机1,防御,预警机/侦察机,20260629170304,125.7246197,25.6167091,0,,,目标,
预警机/侦察机1,防御,预警机/侦察机,20260629170305,125.5326301,25.76065579,0,,,目标,
预警机/侦察机1,防御,预警机/侦察机,20260629170306,125.3071734,25.85680767,0,,,目标,
预警机/侦察机1,防御,预警机/侦察机,20260629170307,125.0624159,25.89912318,0,,,目标,
预警机/侦察机1,防御,预警机/侦察机,20260629170308,124.8137366,25.88494347,0,,,目标,
预警机/侦察机1,防御,预警机/侦察机,20260629170309,124.5767608,25.81515951,0,,,目标,
预警机/侦察机1,防御,预警机/侦察机,20260629170310,124.3663788,25.69415607,0,,,目标,
预警机/侦察机1,防御,预警机/侦察机,20260629170311,124.1958095,25.52953626,0,,,目标,
预警机/侦察机1,防御,预警机/侦察机,20260629170312,124.0757704,25.33164374,0,,,目标,
预警机/侦察机1,防御,预警机/侦察机,20260629170313,124.0138041,25.11291282,0,,,目标,
预警机/侦察机1,防御,预警机/侦察机,20260629170314,124.0138041,24.88708718,0,,,目标,
预警机/侦察机1,防御,预警机/侦察机,20260629170315,124.0757704,24.66835626,0,,,目标,
预警机/侦察机1,防御,预警机/侦察机,20260629170316,124.1958095,24.47046374,0,,,目标,
预警机/侦察机1,防御,预警机/侦察机,20260629170317,124.3663788,24.30584393,0,,,目标,
预警机/侦察机1,防御,预警机/侦察机,20260629170318,124.5767608,24.18484049,0,,,目标,
预警机/侦察机1,防御,预警机/侦察机,20260629170319,124.8137366,24.11505653,0,,,目标,
预警机/侦察机1,防御,预警机/侦察机,20260629170320,125.0624159,24.10087682,0,,,目标,
预警机/侦察机1,防御,预警机/侦察机,20260629170321,125.3071734,24.14319233,0,,,目标,
预警机/侦察机1,防御,预警机/侦察机,20260629170322,125.5326301,24.23934421,0,,,目标,
预警机/侦察机1,防御,预警机/侦察机,20260629170323,125.7246197,24.3832909,0,,,目标,
预警机/侦察机1,防御,预警机/侦察机,20260629170324,125.8710788,24.56598768,0,,,目标,
预警机/侦察机1,防御,预警机/侦察机,20260629170325,125.9628048,24.77595506,0,,,目标,
舰载机编队1,防御,舰载机编队,20260629170301,125.5623106,25.50962651,0,,,目标,
舰载机编队1,防御,舰载机编队,20260629170302,125.4048036,25.62035461,0,,,目标,
舰载机编队1,防御,舰载机编队,20260629170303,125.2218614,25.69210356,0,,,目标,
舰载机编队1,防御,舰载机编队,20260629170304,125.0249787,25.72036509,0,,,目标,
舰载机编队1,防御,舰载机编队,20260629170305,124.8265265,25.70336343,0,,,目标,
舰载机编队1,防御,舰载机编队,20260629170306,124.6389743,25.64216686,0,,,目标,
舰载机编队1,防御,舰载机编队,20260629170307,124.4741067,25.54062059,0,,,目标,
舰载机编队1,防御,舰载机编队,20260629170308,124.3422829,25.40510514,0,,,目标,
舰载机编队1,防御,舰载机编队,20260629170309,124.2517859,25.24413544,0,,,目标,
舰载机编队1,防御,舰载机编队,20260629170310,124.2083019,25.06782581,0,,,目标,
舰载机编队1,防御,舰载机编队,20260629170311,124.2145632,24.88725444,0,,,目标,
舰载机编队1,防御,舰载机编队,20260629170312,124.2701764,24.71376729,0,,,目标,
舰载机编队1,防御,舰载机编队,20260629170313,124.3716471,24.55826519,0,,,目标,
舰载机编队1,防御,舰载机编队,20260629170314,124.5125996,24.43051891,0,,,目标,
舰载机编队1,防御,舰载机编队,20260629170315,124.6841771,24.33855522,0,,,目标,
舰载机编队1,防御,舰载机编队,20260629170316,124.875599,24.28815255,0,,,目标,
舰载机编队1,防御,舰载机编队,20260629170317,125.0748375,24.28247786,0,,,目标,
舰载机编队1,防御,舰载机编队,20260629170318,125.2693737,24.32188773,0,,,目标,
舰载机编队1,防御,舰载机编队,20260629170319,125.4469841,24.40390589,0,,,目标,
舰载机编队1,防御,舰载机编队,20260629170320,125.5965088,24.52337884,0,,,目标,
舰载机编队1,防御,舰载机编队,20260629170321,125.7085527,24.67279964,0,,,目标,
舰载机编队1,防御,舰载机编队,20260629170322,125.7760757,24.84277965,0,,,目标,
舰载机编队1,防御,舰载机编队,20260629170323,125.7948349,25.02263838,0,,,目标,
舰载机编队1,防御,舰载机编队,20260629170324,125.7636518,25.20107467,0,,,目标,
舰载机编队1,防御,舰载机编队,20260629170325,125.6844856,25.3668767,0,,,目标,
航母1,防御,航母,20260629170301,125,25,0,,,目标,
航母1,防御,航母,20260629170302,125,25,0,,,目标,
航母1,防御,航母,20260629170303,125,25,0,,,目标,
航母1,防御,航母,20260629170304,125,25,0,,,目标,
航母1,防御,航母,20260629170305,125,25,0,,,目标,
航母1,防御,航母,20260629170306,125,25,0,,,目标,
航母1,防御,航母,20260629170307,125,25,0,,,目标,
航母1,防御,航母,20260629170308,125,25,0,,,目标,
航母1,防御,航母,20260629170309,125,25,0,,,目标,
航母1,防御,航母,20260629170310,125,25,0,,,目标,
航母1,防御,航母,20260629170311,125,25,0,,,目标,
航母1,防御,航母,20260629170312,125,25,0,,,目标,
航母1,防御,航母,20260629170313,125,25,0,,,目标,
航母1,防御,航母,20260629170314,125,25,0,,,目标,
航母1,防御,航母,20260629170315,125,25,0,,,目标,
航母1,防御,航母,20260629170316,125,25,0,,,目标,
航母1,防御,航母,20260629170317,125,25,0,,,目标,
航母1,防御,航母,20260629170318,125,25,0,,,目标,
航母1,防御,航母,20260629170319,125,25,0,,,目标,
航母1,防御,航母,20260629170320,125,25,0,,,目标,
航母1,防御,航母,20260629170321,125,25,0,,,目标,
航母1,防御,航母,20260629170322,125,25,0,,,目标,
航母1,防御,航母,20260629170323,125,25,0,,,目标,
航母1,防御,航母,20260629170324,125,25,0,,,目标,
航母1,防御,航母,20260629170325,125,25,0,,,目标,
驱逐舰1,防御,驱逐舰,20260629170301,125.3976137,25,0,,,目标,
驱逐舰1,防御,驱逐舰,20260629170302,125.3851219,25.08961798,0,,,目标,
驱逐舰1,防御,驱逐舰,20260629170303,125.3484315,25.17360493,0,,,目标,
驱逐舰1,防御,驱逐舰,20260629170304,125.2898479,25.24668364,0,,,目标,
驱逐舰1,防御,驱逐舰,20260629170305,125.2130521,25.30426232,0,,,目标,
驱逐舰1,防御,驱逐舰,20260629170306,125.1228694,25.34272307,0,,,目标,
驱逐舰1,防御,驱逐舰,20260629170307,125.0249664,25.35964927,0,,,目标,
驱逐舰1,防御,驱逐舰,20260629170308,124.9254946,25.35397739,0,,,目标,
驱逐舰1,防御,驱逐舰,20260629170309,124.8307043,25.3260638,0,,,目标,
驱逐舰1,防御,驱逐舰,20260629170310,124.7465515,25.27766243,0,,,目标,
驱逐舰1,防御,驱逐舰,20260629170311,124.6783238,25.21181451,0,,,目标,
驱逐舰1,防御,驱逐舰,20260629170312,124.6303082,25.1326575,0,,,目标,
驱逐舰1,防御,驱逐舰,20260629170313,124.6055216,25.04516513,0,,,目标,
驱逐舰1,防御,驱逐舰,20260629170314,124.6055216,24.95483487,0,,,目标,
驱逐舰1,防御,驱逐舰,20260629170315,124.6303082,24.8673425,0,,,目标,
驱逐舰1,防御,驱逐舰,20260629170316,124.6783238,24.78818549,0,,,目标,
驱逐舰1,防御,驱逐舰,20260629170317,124.7465515,24.72233757,0,,,目标,
驱逐舰1,防御,驱逐舰,20260629170318,124.8307043,24.6739362,0,,,目标,
驱逐舰1,防御,驱逐舰,20260629170319,124.9254946,24.64602261,0,,,目标,
驱逐舰1,防御,驱逐舰,20260629170320,125.0249664,24.64035073,0,,,目标,
驱逐舰1,防御,驱逐舰,20260629170321,125.1228694,24.65727693,0,,,目标,
驱逐舰1,防御,驱逐舰,20260629170322,125.2130521,24.69573768,0,,,目标,
驱逐舰1,防御,驱逐舰,20260629170323,125.2898479,24.75331636,0,,,目标,
驱逐舰1,防御,驱逐舰,20260629170324,125.3484315,24.82639507,0,,,目标,
驱逐舰1,防御,驱逐舰,20260629170325,125.3851219,24.91038202,0,,,目标,
驱逐舰1,防御,驱逐舰,20260629170301,124.6023863,25,0,,,目标,
驱逐舰1,防御,驱逐舰,20260629170302,124.6148781,24.91038202,0,,,目标,
驱逐舰1,防御,驱逐舰,20260629170303,124.6515685,24.82639507,0,,,目标,
驱逐舰1,防御,驱逐舰,20260629170304,124.7101521,24.75331636,0,,,目标,
驱逐舰1,防御,驱逐舰,20260629170305,124.7869479,24.69573768,0,,,目标,
驱逐舰1,防御,驱逐舰,20260629170306,124.8771306,24.65727693,0,,,目标,
驱逐舰1,防御,驱逐舰,20260629170307,124.9750336,24.64035073,0,,,目标,
驱逐舰1,防御,驱逐舰,20260629170308,125.0745054,24.64602261,0,,,目标,
驱逐舰1,防御,驱逐舰,20260629170309,125.1692957,24.6739362,0,,,目标,
驱逐舰1,防御,驱逐舰,20260629170310,125.2534485,24.72233757,0,,,目标,
驱逐舰1,防御,驱逐舰,20260629170311,125.3216762,24.78818549,0,,,目标,
驱逐舰1,防御,驱逐舰,20260629170312,125.3696918,24.8673425,0,,,目标,
驱逐舰1,防御,驱逐舰,20260629170313,125.3944784,24.95483487,0,,,目标,
驱逐舰1,防御,驱逐舰,20260629170314,125.3944784,25.04516513,0,,,目标,
驱逐舰1,防御,驱逐舰,20260629170315,125.3696918,25.1326575,0,,,目标,
驱逐舰1,防御,驱逐舰,20260629170316,125.3216762,25.21181451,0,,,目标,
驱逐舰1,防御,驱逐舰,20260629170317,125.2534485,25.27766243,0,,,目标,
驱逐舰1,防御,驱逐舰,20260629170318,125.1692957,25.3260638,0,,,目标,
驱逐舰1,防御,驱逐舰,20260629170319,125.0745054,25.35397739,0,,,目标,
驱逐舰1,防御,驱逐舰,20260629170320,124.9750336,25.35964927,0,,,目标,
驱逐舰1,防御,驱逐舰,20260629170321,124.8771306,25.34272307,0,,,目标,
驱逐舰1,防御,驱逐舰,20260629170322,124.7869479,25.30426232,0,,,目标,
驱逐舰1,防御,驱逐舰,20260629170323,124.7101521,25.24668364,0,,,目标,
驱逐舰1,防御,驱逐舰,20260629170324,124.6515685,25.17360493,0,,,目标,
驱逐舰1,防御,驱逐舰,20260629170325,124.6148781,25.08961798,0,,,目标,
补给舰1,防御,补给舰,20260629170301,125,25,0,,,目标,
补给舰1,防御,补给舰,20260629170302,125,25,0,,,目标,
补给舰1,防御,补给舰,20260629170303,125,25,0,,,目标,
补给舰1,防御,补给舰,20260629170304,125,25,0,,,目标,
补给舰1,防御,补给舰,20260629170305,125,25,0,,,目标,
补给舰1,防御,补给舰,20260629170306,125,25,0,,,目标,
补给舰1,防御,补给舰,20260629170307,125,25,0,,,目标,
补给舰1,防御,补给舰,20260629170308,125,25,0,,,目标,
补给舰1,防御,补给舰,20260629170309,125,25,0,,,目标,
补给舰1,防御,补给舰,20260629170310,125,25,0,,,目标,
补给舰1,防御,补给舰,20260629170311,125,25,0,,,目标,
补给舰1,防御,补给舰,20260629170312,125,25,0,,,目标,
补给舰1,防御,补给舰,20260629170313,125,25,0,,,目标,
补给舰1,防御,补给舰,20260629170314,125,25,0,,,目标,
补给舰1,防御,补给舰,20260629170315,125,25,0,,,目标,
补给舰1,防御,补给舰,20260629170316,125,25,0,,,目标,
补给舰1,防御,补给舰,20260629170317,125,25,0,,,目标,
补给舰1,防御,补给舰,20260629170318,125,25,0,,,目标,
补给舰1,防御,补给舰,20260629170319,125,25,0,,,目标,
补给舰1,防御,补给舰,20260629170320,125,25,0,,,目标,
补给舰1,防御,补给舰,20260629170321,125,25,0,,,目标,
补给舰1,防御,补给舰,20260629170322,125,25,0,,,目标,
补给舰1,防御,补给舰,20260629170323,125,25,0,,,目标,
补给舰1,防御,补给舰,20260629170324,125,25,0,,,目标,
补给舰1,防御,补给舰,20260629170325,125,25,0,,,目标,
潜艇1,防御,潜艇,20260629170301,125,26.35135135,0,,,目标,
潜艇1,防御,潜艇,20260629170302,124.6291906,26.30889616,0,,,目标,
潜艇1,防御,潜艇,20260629170303,124.2816806,26.18419822,0,,,目标,
潜艇1,防御,潜艇,20260629170304,123.9793052,25.98509274,0,,,目标,
潜艇1,防御,潜艇,20260629170305,123.7410638,25.72409026,0,,,目标,
潜艇1,防御,潜艇,20260629170306,123.581926,25.41759053,0,,,目标,
潜艇1,防御,潜艇,20260629170307,123.511891,25.08485205,0,,,目标,
潜艇1,防御,潜艇,20260629170308,123.5353594,24.74678201,0,,,目标,
潜艇1,防御,潜艇,20260629170309,123.6508565,24.42462258,0,,,目标,
潜艇1,防御,潜艇,20260629170310,123.8511253,24.13861623,0,,,目标,
潜艇1,防御,潜艇,20260629170311,124.1235821,23.90673379,0,,,目标,
潜艇1,防御,潜艇,20260629170312,124.4511074,23.74354529,0,,,目标,
潜艇1,防御,潜艇,20260629170313,124.8131217,23.65930446,0,,,目标,
潜艇1,防御,潜艇,20260629170314,125.1868783,23.65930446,0,,,目标,
潜艇1,防御,潜艇,20260629170315,125.5488926,23.74354529,0,,,目标,
潜艇1,防御,潜艇,20260629170316,125.8764179,23.90673379,0,,,目标,
潜艇1,防御,潜艇,20260629170317,126.1488747,24.13861623,0,,,目标,
潜艇1,防御,潜艇,20260629170318,126.3491435,24.42462258,0,,,目标,
潜艇1,防御,潜艇,20260629170319,126.4646406,24.74678201,0,,,目标,
潜艇1,防御,潜艇,20260629170320,126.488109,25.08485205,0,,,目标,
潜艇1,防御,潜艇,20260629170321,126.418074,25.41759053,0,,,目标,
潜艇1,防御,潜艇,20260629170322,126.2589362,25.72409026,0,,,目标,
潜艇1,防御,潜艇,20260629170323,126.0206948,25.98509274,0,,,目标,
潜艇1,防御,潜艇,20260629170324,125.7183194,26.18419822,0,,,目标,
潜艇1,防御,潜艇,20260629170325,125.3708094,26.30889616,0,,,目标,
预警机/侦察机1,远海机动转移,预警机/侦察机,20260629170401,126.9880683,25,0,,,目标,
预警机/侦察机1,远海机动转移,预警机/侦察机,20260629170402,127.1123226,25,0,,,目标,
预警机/侦察机1,远海机动转移,预警机/侦察机,20260629170403,127.2365769,25,0,,,目标,
预警机/侦察机1,远海机动转移,预警机/侦察机,20260629170404,127.3608311,25,0,,,目标,
预警机/侦察机1,远海机动转移,预警机/侦察机,20260629170405,127.4850854,25,0,,,目标,
预警机/侦察机1,远海机动转移,预警机/侦察机,20260629170406,127.6093397,25,0,,,目标,
预警机/侦察机1,远海机动转移,预警机/侦察机,20260629170407,127.7335939,25,0,,,目标,
预警机/侦察机1,远海机动转移,预警机/侦察机,20260629170408,127.8578482,25,0,,,目标,
预警机/侦察机1,远海机动转移,预警机/侦察机,20260629170409,127.9821025,25,0,,,目标,
预警机/侦察机1,远海机动转移,预警机/侦察机,20260629170410,128.1063568,25,0,,,目标,
预警机/侦察机1,远海机动转移,预警机/侦察机,20260629170411,128.230611,25,0,,,目标,
预警机/侦察机1,远海机动转移,预警机/侦察机,20260629170412,128.3548653,25,0,,,目标,
预警机/侦察机1,远海机动转移,预警机/侦察机,20260629170413,128.4791196,25,0,,,目标,
预警机/侦察机1,远海机动转移,预警机/侦察机,20260629170414,128.6033738,25,0,,,目标,
预警机/侦察机1,远海机动转移,预警机/侦察机,20260629170415,128.7276281,25,0,,,目标,
预警机/侦察机1,远海机动转移,预警机/侦察机,20260629170416,128.8518824,25,0,,,目标,
预警机/侦察机1,远海机动转移,预警机/侦察机,20260629170417,128.9761366,25,0,,,目标,
预警机/侦察机1,远海机动转移,预警机/侦察机,20260629170418,129.1003909,25,0,,,目标,
预警机/侦察机1,远海机动转移,预警机/侦察机,20260629170419,129.2246452,25,0,,,目标,
预警机/侦察机1,远海机动转移,预警机/侦察机,20260629170420,129.3488995,25,0,,,目标,
预警机/侦察机1,远海机动转移,预警机/侦察机,20260629170421,129.4731537,25,0,,,目标,
预警机/侦察机1,远海机动转移,预警机/侦察机,20260629170422,129.597408,25,0,,,目标,
预警机/侦察机1,远海机动转移,预警机/侦察机,20260629170423,129.7216623,25,0,,,目标,
预警机/侦察机1,远海机动转移,预警机/侦察机,20260629170424,129.8459165,25,0,,,目标,
预警机/侦察机1,远海机动转移,预警机/侦察机,20260629170425,129.9701708,25,0,,,目标,
舰载机编队1,远海机动转移,舰载机编队,20260629170401,125.9940342,25,0,,,目标,
舰载机编队1,远海机动转移,舰载机编队,20260629170402,126.1182884,25.15161639,0,,,目标,
舰载机编队1,远海机动转移,舰载机编队,20260629170403,126.2425427,25.16383737,0,,,目标,
舰载机编队1,远海机动转移,舰载机编队,20260629170404,126.366797,25.02542703,0,,,目标,
舰载机编队1,远海机动转移,舰载机编队,20260629170405,126.4910512,24.86363919,0,,,目标,
舰载机编队1,远海机动转移,舰载机编队,20260629170406,126.6153055,24.82722085,0,,,目标,
舰载机编队1,远海机动转移,舰载机编队,20260629170407,126.7395598,24.94965487,0,,,目标,
舰载机编队1,远海机动转移,舰载机编队,20260629170408,126.8638141,25.11837596,0,,,目标,
舰载机编队1,远海机动转移,舰载机编队,20260629170409,126.9880683,25.17826275,0,,,目标,
舰载机编队1,远海机动转移,舰载机编队,20260629170410,127.1123226,25.07425558,0,,,目标,
舰载机编队1,远海机动转移,舰载机编队,20260629170411,127.2365769,24.90197818,0,,,目标,
舰载机编队1,远海机动转移,舰载机编队,20260629170412,127.3608311,24.81982158,0,,,目标,
舰载机编队1,远海机动转移,舰载机编队,20260629170413,127.4850854,24.90332019,0,,,目标,
舰载机编队1,远海机动转移,舰载机编队,20260629170414,127.6093397,25.07570577,0,,,目标,
舰载机编队1,远海机动转移,舰载机编队,20260629170415,127.7335939,25.17848781,0,,,目标,
舰载机编队1,远海机动转移,舰载机编队,20260629170416,127.8578482,25.11716898,0,,,目标,
舰载机编队1,远海机动转移,舰载机编队,20260629170417,127.9821025,24.94812553,0,,,目标,
舰载机编队1,远海机动转移,舰载机编队,20260629170418,128.1063568,24.82677523,0,,,目标,
舰载机编队1,远海机动转移,舰载机编队,20260629170419,128.230611,24.86468698,0,,,目标,
舰载机编队1,远海机动转移,舰载机编队,20260629170420,128.3548653,25.0270049,0,,,目标,
舰载机编队1,远海机动转移,舰载机编队,20260629170421,128.4791196,25.16449464,0,,,目标,
舰载机编队1,远海机动转移,舰载机编队,20260629170422,128.6033738,25.15074876,0,,,目标,
舰载机编队1,远海机动转移,舰载机编队,20260629170423,128.7276281,24.99840517,0,,,目标,
舰载机编队1,远海机动转移,舰载机编队,20260629170424,128.8518824,24.84752786,0,,,目标,
舰载机编队1,远海机动转移,舰载机编队,20260629170425,128.9761366,24.83683273,0,,,目标,
航母1,远海机动转移,航母,20260629170401,125,25,0,,,目标,
航母1,远海机动转移,航母,20260629170402,125.1242543,25,0,,,目标,
航母1,远海机动转移,航母,20260629170403,125.2485085,25,0,,,目标,
航母1,远海机动转移,航母,20260629170404,125.3727628,25,0,,,目标,
航母1,远海机动转移,航母,20260629170405,125.4970171,25,0,,,目标,
航母1,远海机动转移,航母,20260629170406,125.6212714,25,0,,,目标,
航母1,远海机动转移,航母,20260629170407,125.7455256,25,0,,,目标,
航母1,远海机动转移,航母,20260629170408,125.8697799,25,0,,,目标,
航母1,远海机动转移,航母,20260629170409,125.9940342,25,0,,,目标,
航母1,远海机动转移,航母,20260629170410,126.1182884,25,0,,,目标,
航母1,远海机动转移,航母,20260629170411,126.2425427,25,0,,,目标,
航母1,远海机动转移,航母,20260629170412,126.366797,25,0,,,目标,
航母1,远海机动转移,航母,20260629170413,126.4910512,25,0,,,目标,
航母1,远海机动转移,航母,20260629170414,126.6153055,25,0,,,目标,
航母1,远海机动转移,航母,20260629170415,126.7395598,25,0,,,目标,
航母1,远海机动转移,航母,20260629170416,126.8638141,25,0,,,目标,
航母1,远海机动转移,航母,20260629170417,126.9880683,25,0,,,目标,
航母1,远海机动转移,航母,20260629170418,127.1123226,25,0,,,目标,
航母1,远海机动转移,航母,20260629170419,127.2365769,25,0,,,目标,
航母1,远海机动转移,航母,20260629170420,127.3608311,25,0,,,目标,
航母1,远海机动转移,航母,20260629170421,127.4850854,25,0,,,目标,
航母1,远海机动转移,航母,20260629170422,127.6093397,25,0,,,目标,
航母1,远海机动转移,航母,20260629170423,127.7335939,25,0,,,目标,
航母1,远海机动转移,航母,20260629170424,127.8578482,25,0,,,目标,
航母1,远海机动转移,航母,20260629170425,127.9821025,25,0,,,目标,
驱逐舰1,远海机动转移,驱逐舰,20260629170401,124.5029829,25.27027027,0,,,目标,
驱逐舰1,远海机动转移,驱逐舰,20260629170402,124.6272372,25.14602765,0,,,目标,
驱逐舰1,远海机动转移,驱逐舰,20260629170403,124.7514915,24.88752788,0,,,目标,
驱逐舰1,远海机动转移,驱逐舰,20260629170404,124.8757457,24.73243446,0,,,目标,
驱逐舰1,远海机动转移,驱逐舰,20260629170405,125,24.82333956,0,,,目标,
驱逐舰1,远海机动转移,驱逐舰,20260629170406,125.1242543,25.07666546,0,,,目标,
驱逐舰1,远海机动转移,驱逐舰,20260629170407,125.2485085,25.25950548,0,,,目标,
驱逐舰1,远海机动转移,驱逐舰,20260629170408,125.3727628,25.20375737,0,,,目标,
驱逐舰1,远海机动转移,驱逐舰,20260629170409,125.4970171,24.96067567,0,,,目标,
驱逐舰1,远海机动转移,驱逐舰,20260629170410,125.6212714,24.75374858,0,,,目标,
驱逐舰1,远海机动转移,驱逐舰,20260629170411,125.7455256,24.77322391,0,,,目标,
驱逐舰1,远海机动转移,驱逐舰,20260629170412,125.8697799,25.00119613,0,,,目标,
驱逐舰1,远海机动转移,驱逐舰,20260629170413,125.9940342,25.22806864,0,,,目标,
驱逐舰1,远海机动转移,驱逐舰,20260629170414,126.1182884,25.24525589,0,,,目标,
驱逐舰1,远海机动转移,驱逐舰,20260629170415,126.2425427,25.036956,0,,,目标,
驱逐舰1,远海机动转移,驱逐舰,20260629170416,126.366797,24.79467894,0,,,目标,
驱逐舰1,远海机动转移,驱逐舰,20260629170417,126.4910512,24.74117311,0,,,目标,
驱逐舰1,远海机动转移,驱逐舰,20260629170418,126.6153055,24.92563153,0,,,目标,
驱逐舰1,远海机动转移,驱逐舰,20260629170419,126.7395598,25.17846398,0,,,目标,
驱逐舰1,远海机动转移,驱逐舰,20260629170420,126.8638141,25.26721746,0,,,目标,
驱逐舰1,远海机动转移,驱逐舰,20260629170421,126.9880683,25.11029245,0,,,目标,
驱逐舰1,远海机动转移,驱逐舰,20260629170422,127.1123226,24.85196506,0,,,目标,
驱逐舰1,远海机动转移,驱逐舰,20260629170423,127.2365769,24.72974032,0,,,目标,
驱逐舰1,远海机动转移,驱逐舰,20260629170424,127.3608311,24.85599108,0,,,目标,
驱逐舰1,远海机动转移,驱逐舰,20260629170425,127.4850854,25.11464297,0,,,目标,
补给舰1,远海机动转移,补给舰,20260629170401,124.0059658,25,0,,,目标,
补给舰1,远海机动转移,补给舰,20260629170402,124.1302201,25,0,,,目标,
补给舰1,远海机动转移,补给舰,20260629170403,124.2544744,25,0,,,目标,
补给舰1,远海机动转移,补给舰,20260629170404,124.3787286,25,0,,,目标,
补给舰1,远海机动转移,补给舰,20260629170405,124.5029829,25,0,,,目标,
补给舰1,远海机动转移,补给舰,20260629170406,124.6272372,25,0,,,目标,
补给舰1,远海机动转移,补给舰,20260629170407,124.7514915,25,0,,,目标,
补给舰1,远海机动转移,补给舰,20260629170408,124.8757457,25,0,,,目标,
补给舰1,远海机动转移,补给舰,20260629170409,125,25,0,,,目标,
补给舰1,远海机动转移,补给舰,20260629170410,125.1242543,25,0,,,目标,
补给舰1,远海机动转移,补给舰,20260629170411,125.2485085,25,0,,,目标,
补给舰1,远海机动转移,补给舰,20260629170412,125.3727628,25,0,,,目标,
补给舰1,远海机动转移,补给舰,20260629170413,125.4970171,25,0,,,目标,
补给舰1,远海机动转移,补给舰,20260629170414,125.6212714,25,0,,,目标,
补给舰1,远海机动转移,补给舰,20260629170415,125.7455256,25,0,,,目标,
补给舰1,远海机动转移,补给舰,20260629170416,125.8697799,25,0,,,目标,
补给舰1,远海机动转移,补给舰,20260629170417,125.9940342,25,0,,,目标,
补给舰1,远海机动转移,补给舰,20260629170418,126.1182884,25,0,,,目标,
补给舰1,远海机动转移,补给舰,20260629170419,126.2425427,25,0,,,目标,
补给舰1,远海机动转移,补给舰,20260629170420,126.366797,25,0,,,目标,
补给舰1,远海机动转移,补给舰,20260629170421,126.4910512,25,0,,,目标,
补给舰1,远海机动转移,补给舰,20260629170422,126.6153055,25,0,,,目标,
补给舰1,远海机动转移,补给舰,20260629170423,126.7395598,25,0,,,目标,
补给舰1,远海机动转移,补给舰,20260629170424,126.8638141,25,0,,,目标,
补给舰1,远海机动转移,补给舰,20260629170425,126.9880683,25,0,,,目标,
潜艇1,远海机动转移,潜艇,20260629170401,126.4910512,25.19733834,0,,,目标,
潜艇1,远海机动转移,潜艇,20260629170402,126.6153055,24.91076249,0,,,目标,
潜艇1,远海机动转移,潜艇,20260629170403,126.7395598,24.94898219,0,,,目标,
潜艇1,远海机动转移,潜艇,20260629170404,126.8638141,25.0089776,0,,,目标,
潜艇1,远海机动转移,潜艇,20260629170405,126.9880683,24.95464183,0,,,目标,
潜艇1,远海机动转移,潜艇,20260629170406,127.1123226,24.86030059,0,,,目标,
潜艇1,远海机动转移,潜艇,20260629170407,127.2365769,25.00617684,0,,,目标,
潜艇1,远海机动转移,潜艇,20260629170408,127.3608311,24.90429696,0,,,目标,
潜艇1,远海机动转移,潜艇,20260629170409,127.4850854,25.04266598,0,,,目标,
潜艇1,远海机动转移,潜艇,20260629170410,127.6093397,24.91716899,0,,,目标,
潜艇1,远海机动转移,潜艇,20260629170411,127.7335939,25.13963373,0,,,目标,
潜艇1,远海机动转移,潜艇,20260629170412,127.8578482,24.92943664,0,,,目标,
潜艇1,远海机动转移,潜艇,20260629170413,127.9821025,24.97098545,0,,,目标,
潜艇1,远海机动转移,潜艇,20260629170414,128.1063568,25.07328984,0,,,目标,
潜艇1,远海机动转移,潜艇,20260629170415,128.230611,24.88911132,0,,,目标,
潜艇1,远海机动转移,潜艇,20260629170416,128.3548653,25.02049189,0,,,目标,
潜艇1,远海机动转移,潜艇,20260629170417,128.4791196,25.11776061,0,,,目标,
潜艇1,远海机动转移,潜艇,20260629170418,128.6033738,24.85518169,0,,,目标,
潜艇1,远海机动转移,潜艇,20260629170419,128.7276281,25.01663368,0,,,目标,
潜艇1,远海机动转移,潜艇,20260629170420,128.8518824,25.02341286,0,,,目标,
潜艇1,远海机动转移,潜艇,20260629170421,128.9761366,25.07043449,0,,,目标,
潜艇1,远海机动转移,潜艇,20260629170422,129.1003909,24.888563,0,,,目标,
潜艇1,远海机动转移,潜艇,20260629170423,129.2246452,24.88103994,0,,,目标,
潜艇1,远海机动转移,潜艇,20260629170424,129.3488995,25.04702176,0,,,目标,
潜艇1,远海机动转移,潜艇,20260629170425,129.4731537,25.02675538,0,,,目标,
预警机/侦察机1,侦察试探,预警机/侦察机,20260629170501,125,25,0,,,目标,
预警机/侦察机1,侦察试探,预警机/侦察机,20260629170502,125.2208965,25,0,,,目标,
预警机/侦察机1,侦察试探,预警机/侦察机,20260629170503,125.441793,25,0,,,目标,
预警机/侦察机1,侦察试探,预警机/侦察机,20260629170504,125.6626894,25,0,,,目标,
预警机/侦察机1,侦察试探,预警机/侦察机,20260629170505,125.8835859,25,0,,,目标,
预警机/侦察机1,侦察试探,预警机/侦察机,20260629170506,126.1044824,25,0,,,目标,
预警机/侦察机1,侦察试探,预警机/侦察机,20260629170507,126.3253789,25,0,,,目标,
预警机/侦察机1,侦察试探,预警机/侦察机,20260629170508,126.5462754,25,0,,,目标,
预警机/侦察机1,侦察试探,预警机/侦察机,20260629170509,126.7671718,25,0,,,目标,
预警机/侦察机1,侦察试探,预警机/侦察机,20260629170510,126.9880683,25,0,,,目标,
预警机/侦察机1,侦察试探,预警机/侦察机,20260629170511,127.0781584,25,0,,,目标,
预警机/侦察机1,侦察试探,预警机/侦察机,20260629170512,127.0671298,25.04319149,0,,,目标,
预警机/侦察机1,侦察试探,预警机/侦察机,20260629170513,127.0367442,25.0758082,0,,,目标,
预警机/侦察机1,侦察试探,预警机/侦察机,20260629170514,126.994441,25.08986441,0,,,目标,
预警机/侦察机1,侦察试探,预警机/侦察机,20260629170515,126.9505776,25.08191869,0,,,目标,
预警机/侦察机1,侦察试探,预警机/侦察机,20260629170516,126.9158932,25.05391641,0,,,目标,
预警机/侦察机1,侦察试探,预警机/侦察机,20260629170517,126.8988798,25.01271351,0,,,目标,
预警机/侦察机1,侦察试探,预警机/侦察机,20260629170518,126.9037029,24.96839791,0,,,目标,
预警机/侦察机1,侦察试探,预警机/侦察机,20260629170519,126.9291815,24.9318196,0,,,目标,
预警机/侦察机1,侦察试探,预警机/侦察机,20260629170520,126.9690777,24.91193422,0,,,目标,
预警机/侦察机1,侦察试探,预警机/侦察机,20260629170521,127.0136235,24.91361043,0,,,目标,
预警机/侦察机1,侦察试探,预警机/侦察机,20260629170522,127.0519124,24.93643781,0,,,目标,
预警机/侦察机1,侦察试探,预警机/侦察机,20260629170523,127.0745702,24.97482743,0,,,目标,
预警机/侦察机1,侦察试探,预警机/侦察机,20260629170524,127.0760492,25.01938018,0,,,目标,
预警机/侦察机1,侦察试探,预警机/侦察机,20260629170525,127.0559874,25.05918798,0,,,目标,
舰载机编队1,侦察试探,舰载机编队,20260629170501,125.4970171,25,0,,,目标,
舰载机编队1,侦察试探,舰载机编队,20260629170502,125.4814024,25.11202247,0,,,目标,
舰载机编队1,侦察试探,舰载机编队,20260629170503,125.4355394,25.21700616,0,,,目标,
舰载机编队1,侦察试探,舰载机编队,20260629170504,125.3623099,25.30835455,0,,,目标,
舰载机编队1,侦察试探,舰载机编队,20260629170505,125.2663151,25.38032789,0,,,目标,
舰载机编队1,侦察试探,舰载机编队,20260629170506,125.1535867,25.42840384,0,,,目标,
舰载机编队1,侦察试探,舰载机编队,20260629170507,125.031208,25.44956159,0,,,目标,
舰载机编队1,侦察试探,舰载机编队,20260629170508,124.9068683,25.44247173,0,,,目标,
舰载机编队1,侦察试探,舰载机编队,20260629170509,124.7883804,25.40757975,0,,,目标,
舰载机编队1,侦察试探,舰载机编队,20260629170510,124.6831894,25.34707804,0,,,目标,
舰载机编队1,侦察试探,舰载机编队,20260629170511,124.5979047,25.26476813,0,,,目标,
舰载机编队1,侦察试探,舰载机编队,20260629170512,124.5378852,25.16582187,0,,,目标,
舰载机编队1,侦察试探,舰载机编队,20260629170513,124.506902,25.05645641,0,,,目标,
舰载机编队1,侦察试探,舰载机编队,20260629170514,124.506902,24.94354359,0,,,目标,
舰载机编队1,侦察试探,舰载机编队,20260629170515,124.5378852,24.83417813,0,,,目标,
舰载机编队1,侦察试探,舰载机编队,20260629170516,124.5979047,24.73523187,0,,,目标,
舰载机编队1,侦察试探,舰载机编队,20260629170517,124.6831894,24.65292196,0,,,目标,
舰载机编队1,侦察试探,舰载机编队,20260629170518,124.7883804,24.59242025,0,,,目标,
舰载机编队1,侦察试探,舰载机编队,20260629170519,124.9068683,24.55752827,0,,,目标,
舰载机编队1,侦察试探,舰载机编队,20260629170520,125.031208,24.55043841,0,,,目标,
舰载机编队1,侦察试探,舰载机编队,20260629170521,125.1535867,24.57159616,0,,,目标,
舰载机编队1,侦察试探,舰载机编队,20260629170522,125.2663151,24.61967211,0,,,目标,
舰载机编队1,侦察试探,舰载机编队,20260629170523,125.3623099,24.69164545,0,,,目标,
舰载机编队1,侦察试探,舰载机编队,20260629170524,125.4355394,24.78299384,0,,,目标,
舰载机编队1,侦察试探,舰载机编队,20260629170525,125.4814024,24.88797753,0,,,目标,
航母1,侦察试探,航母,20260629170501,125,25,0,,,目标,
航母1,侦察试探,航母,20260629170502,125,25,0,,,目标,
航母1,侦察试探,航母,20260629170503,125,25,0,,,目标,
航母1,侦察试探,航母,20260629170504,125,25,0,,,目标,
航母1,侦察试探,航母,20260629170505,125,25,0,,,目标,
航母1,侦察试探,航母,20260629170506,125,25,0,,,目标,
航母1,侦察试探,航母,20260629170507,125,25,0,,,目标,
航母1,侦察试探,航母,20260629170508,125,25,0,,,目标,
航母1,侦察试探,航母,20260629170509,125,25,0,,,目标,
航母1,侦察试探,航母,20260629170510,125,25,0,,,目标,
航母1,侦察试探,航母,20260629170511,125,25,0,,,目标,
航母1,侦察试探,航母,20260629170512,125,25,0,,,目标,
航母1,侦察试探,航母,20260629170513,125,25,0,,,目标,
航母1,侦察试探,航母,20260629170514,125,25,0,,,目标,
航母1,侦察试探,航母,20260629170515,125,25,0,,,目标,
航母1,侦察试探,航母,20260629170516,125,25,0,,,目标,
航母1,侦察试探,航母,20260629170517,125,25,0,,,目标,
航母1,侦察试探,航母,20260629170518,125,25,0,,,目标,
航母1,侦察试探,航母,20260629170519,125,25,0,,,目标,
航母1,侦察试探,航母,20260629170520,125,25,0,,,目标,
航母1,侦察试探,航母,20260629170521,125,25,0,,,目标,
航母1,侦察试探,航母,20260629170522,125,25,0,,,目标,
航母1,侦察试探,航母,20260629170523,125,25,0,,,目标,
航母1,侦察试探,航母,20260629170524,125,25,0,,,目标,
航母1,侦察试探,航母,20260629170525,125,25,0,,,目标,
驱逐舰1,侦察试探,驱逐舰,20260629170501,125,25,0,,,目标,
驱逐舰1,侦察试探,驱逐舰,20260629170502,125,25,0,,,目标,
驱逐舰1,侦察试探,驱逐舰,20260629170503,125,25,0,,,目标,
驱逐舰1,侦察试探,驱逐舰,20260629170504,125,25,0,,,目标,
驱逐舰1,侦察试探,驱逐舰,20260629170505,125,25,0,,,目标,
驱逐舰1,侦察试探,驱逐舰,20260629170506,125,25,0,,,目标,
驱逐舰1,侦察试探,驱逐舰,20260629170507,125,25,0,,,目标,
驱逐舰1,侦察试探,驱逐舰,20260629170508,125,25,0,,,目标,
驱逐舰1,侦察试探,驱逐舰,20260629170509,125,25,0,,,目标,
驱逐舰1,侦察试探,驱逐舰,20260629170510,125,25,0,,,目标,
驱逐舰1,侦察试探,驱逐舰,20260629170511,125,25,0,,,目标,
驱逐舰1,侦察试探,驱逐舰,20260629170512,125,25,0,,,目标,
驱逐舰1,侦察试探,驱逐舰,20260629170513,125,25,0,,,目标,
驱逐舰1,侦察试探,驱逐舰,20260629170514,125,25,0,,,目标,
驱逐舰1,侦察试探,驱逐舰,20260629170515,125,25,0,,,目标,
驱逐舰1,侦察试探,驱逐舰,20260629170516,125,25,0,,,目标,
驱逐舰1,侦察试探,驱逐舰,20260629170517,125,25,0,,,目标,
驱逐舰1,侦察试探,驱逐舰,20260629170518,125,25,0,,,目标,
驱逐舰1,侦察试探,驱逐舰,20260629170519,125,25,0,,,目标,
驱逐舰1,侦察试探,驱逐舰,20260629170520,125,25,0,,,目标,
驱逐舰1,侦察试探,驱逐舰,20260629170521,125,25,0,,,目标,
驱逐舰1,侦察试探,驱逐舰,20260629170522,125,25,0,,,目标,
驱逐舰1,侦察试探,驱逐舰,20260629170523,125,25,0,,,目标,
驱逐舰1,侦察试探,驱逐舰,20260629170524,125,25,0,,,目标,
驱逐舰1,侦察试探,驱逐舰,20260629170525,125,25,0,,,目标,
补给舰1,侦察试探,补给舰,20260629170501,125,25,0,,,目标,
补给舰1,侦察试探,补给舰,20260629170502,125,25,0,,,目标,
补给舰1,侦察试探,补给舰,20260629170503,125,25,0,,,目标,
补给舰1,侦察试探,补给舰,20260629170504,125,25,0,,,目标,
补给舰1,侦察试探,补给舰,20260629170505,125,25,0,,,目标,
补给舰1,侦察试探,补给舰,20260629170506,125,25,0,,,目标,
补给舰1,侦察试探,补给舰,20260629170507,125,25,0,,,目标,
补给舰1,侦察试探,补给舰,20260629170508,125,25,0,,,目标,
补给舰1,侦察试探,补给舰,20260629170509,125,25,0,,,目标,
补给舰1,侦察试探,补给舰,20260629170510,125,25,0,,,目标,
补给舰1,侦察试探,补给舰,20260629170511,125,25,0,,,目标,
补给舰1,侦察试探,补给舰,20260629170512,125,25,0,,,目标,
补给舰1,侦察试探,补给舰,20260629170513,125,25,0,,,目标,
补给舰1,侦察试探,补给舰,20260629170514,125,25,0,,,目标,
补给舰1,侦察试探,补给舰,20260629170515,125,25,0,,,目标,
补给舰1,侦察试探,补给舰,20260629170516,125,25,0,,,目标,
补给舰1,侦察试探,补给舰,20260629170517,125,25,0,,,目标,
补给舰1,侦察试探,补给舰,20260629170518,125,25,0,,,目标,
补给舰1,侦察试探,补给舰,20260629170519,125,25,0,,,目标,
补给舰1,侦察试探,补给舰,20260629170520,125,25,0,,,目标,
补给舰1,侦察试探,补给舰,20260629170521,125,25,0,,,目标,
补给舰1,侦察试探,补给舰,20260629170522,125,25,0,,,目标,
补给舰1,侦察试探,补给舰,20260629170523,125,25,0,,,目标,
补给舰1,侦察试探,补给舰,20260629170524,125,25,0,,,目标,
补给舰1,侦察试探,补给舰,20260629170525,125,25,0,,,目标,
潜艇1,侦察试探,潜艇,20260629170501,125,25,0,,,目标,
潜艇1,侦察试探,潜艇,20260629170502,125.0414181,25,0,,,目标,
潜艇1,侦察试探,潜艇,20260629170503,125.0828362,25,0,,,目标,
潜艇1,侦察试探,潜艇,20260629170504,125.1242543,25,0,,,目标,
潜艇1,侦察试探,潜艇,20260629170505,125.1656724,25,0,,,目标,
潜艇1,侦察试探,潜艇,20260629170506,125.2070905,25,0,,,目标,
潜艇1,侦察试探,潜艇,20260629170507,125.2485085,25,0,,,目标,
潜艇1,侦察试探,潜艇,20260629170508,125.2899266,25,0,,,目标,
潜艇1,侦察试探,潜艇,20260629170509,125.3313447,25,0,,,目标,
潜艇1,侦察试探,潜艇,20260629170510,125.3727628,25,0,,,目标,
潜艇1,侦察试探,潜艇,20260629170511,125.4141809,25,0,,,目标,
潜艇1,侦察试探,潜艇,20260629170512,125.455599,25,0,,,目标,
潜艇1,侦察试探,潜艇,20260629170513,125.4970171,25,0,,,目标,
潜艇1,侦察试探,潜艇,20260629170514,125.5384352,25,0,,,目标,
潜艇1,侦察试探,潜艇,20260629170515,125.5798533,25,0,,,目标,
潜艇1,侦察试探,潜艇,20260629170516,125.6212714,25,0,,,目标,
潜艇1,侦察试探,潜艇,20260629170517,125.6626894,25,0,,,目标,
潜艇1,侦察试探,潜艇,20260629170518,125.7041075,25,0,,,目标,
潜艇1,侦察试探,潜艇,20260629170519,125.7455256,25,0,,,目标,
潜艇1,侦察试探,潜艇,20260629170520,125.7869437,25,0,,,目标,
潜艇1,侦察试探,潜艇,20260629170521,125.8283618,25,0,,,目标,
潜艇1,侦察试探,潜艇,20260629170522,125.8697799,25,0,,,目标,
潜艇1,侦察试探,潜艇,20260629170523,125.911198,25,0,,,目标,
潜艇1,侦察试探,潜艇,20260629170524,125.9526161,25,0,,,目标,
潜艇1,侦察试探,潜艇,20260629170525,125.9940342,25,0,,,目标,
预警机/侦察机1,补给,预警机/侦察机,20260629170601,125.0497017,25,0,,,目标,
预警机/侦察机1,补给,预警机/侦察机,20260629170602,125.0481402,25.01120225,0,,,目标,
预警机/侦察机1,补给,预警机/侦察机,20260629170603,125.0435539,25.02170062,0,,,目标,
预警机/侦察机1,补给,预警机/侦察机,20260629170604,125.036231,25.03083546,0,,,目标,
预警机/侦察机1,补给,预警机/侦察机,20260629170605,125.0266315,25.03803279,0,,,目标,
预警机/侦察机1,补给,预警机/侦察机,20260629170606,125.0153587,25.04284038,0,,,目标,
预警机/侦察机1,补给,预警机/侦察机,20260629170607,125.0031208,25.04495616,0,,,目标,
预警机/侦察机1,补给,预警机/侦察机,20260629170608,124.9906868,25.04424717,0,,,目标,
预警机/侦察机1,补给,预警机/侦察机,20260629170609,124.978838,25.04075798,0,,,目标,
预警机/侦察机1,补给,预警机/侦察机,20260629170610,124.9683189,25.0347078,0,,,目标,
预警机/侦察机1,补给,预警机/侦察机,20260629170611,124.9597905,25.02647681,0,,,目标,
预警机/侦察机1,补给,预警机/侦察机,20260629170612,124.9537885,25.01658219,0,,,目标,
预警机/侦察机1,补给,预警机/侦察机,20260629170613,124.9506902,25.00564564,0,,,目标,
预警机/侦察机1,补给,预警机/侦察机,20260629170614,124.9506902,24.99435436,0,,,目标,
预警机/侦察机1,补给,预警机/侦察机,20260629170615,124.9537885,24.98341781,0,,,目标,
预警机/侦察机1,补给,预警机/侦察机,20260629170616,124.9597905,24.97352319,0,,,目标,
预警机/侦察机1,补给,预警机/侦察机,20260629170617,124.9683189,24.9652922,0,,,目标,
预警机/侦察机1,补给,预警机/侦察机,20260629170618,124.978838,24.95924202,0,,,目标,
预警机/侦察机1,补给,预警机/侦察机,20260629170619,124.9906868,24.95575283,0,,,目标,
预警机/侦察机1,补给,预警机/侦察机,20260629170620,125.0031208,24.95504384,0,,,目标,
预警机/侦察机1,补给,预警机/侦察机,20260629170621,125.0153587,24.95715962,0,,,目标,
预警机/侦察机1,补给,预警机/侦察机,20260629170622,125.0266315,24.96196721,0,,,目标,
预警机/侦察机1,补给,预警机/侦察机,20260629170623,125.036231,24.96916454,0,,,目标,
预警机/侦察机1,补给,预警机/侦察机,20260629170624,125.0435539,24.97829938,0,,,目标,
预警机/侦察机1,补给,预警机/侦察机,20260629170625,125.0481402,24.98879775,0,,,目标,
舰载机编队1,补给,舰载机编队,20260629170601,124.8508949,25,0,,,目标,
舰载机编队1,补给,舰载机编队,20260629170602,124.8555793,24.96639326,0,,,目标,
舰载机编队1,补给,舰载机编队,20260629170603,124.8693382,24.93489815,0,,,目标,
舰载机编队1,补给,舰载机编队,20260629170604,124.891307,24.90749363,0,,,目标,
舰载机编队1,补给,舰载机编队,20260629170605,124.9201055,24.88590163,0,,,目标,
舰载机编队1,补给,舰载机编队,20260629170606,124.953924,24.87147885,0,,,目标,
舰载机编队1,补给,舰载机编队,20260629170607,124.9906376,24.86513152,0,,,目标,
舰载机编队1,补给,舰载机编队,20260629170608,125.0279395,24.86725848,0,,,目标,
舰载机编队1,补给,舰载机编队,20260629170609,125.0634859,24.87772607,0,,,目标,
舰载机编队1,补给,舰载机编队,20260629170610,125.0950432,24.89587659,0,,,目标,
舰载机编队1,补给,舰载机编队,20260629170611,125.1206286,24.92056956,0,,,目标,
舰载机编队1,补给,舰载机编队,20260629170612,125.1386344,24.95025344,0,,,目标,
舰载机编队1,补给,舰载机编队,20260629170613,125.1479294,24.98306308,0,,,目标,
舰载机编队1,补给,舰载机编队,20260629170614,125.1479294,25.01693692,0,,,目标,
舰载机编队1,补给,舰载机编队,20260629170615,125.1386344,25.04974656,0,,,目标,
舰载机编队1,补给,舰载机编队,20260629170616,125.1206286,25.07943044,0,,,目标,
舰载机编队1,补给,舰载机编队,20260629170617,125.0950432,25.10412341,0,,,目标,
舰载机编队1,补给,舰载机编队,20260629170618,125.0634859,25.12227393,0,,,目标,
舰载机编队1,补给,舰载机编队,20260629170619,125.0279395,25.13274152,0,,,目标,
舰载机编队1,补给,舰载机编队,20260629170620,124.9906376,25.13486848,0,,,目标,
舰载机编队1,补给,舰载机编队,20260629170621,124.953924,25.12852115,0,,,目标,
舰载机编队1,补给,舰载机编队,20260629170622,124.9201055,25.11409837,0,,,目标,
舰载机编队1,补给,舰载机编队,20260629170623,124.891307,25.09250637,0,,,目标,
舰载机编队1,补给,舰载机编队,20260629170624,124.8693382,25.06510185,0,,,目标,
舰载机编队1,补给,舰载机编队,20260629170625,124.8555793,25.03360674,0,,,目标,
航母1,补给,航母,20260629170601,124.9099099,25,0,,,目标,
航母1,补给,航母,20260629170602,124.9099099,25,0,,,目标,
航母1,补给,航母,20260629170603,124.9099099,25,0,,,目标,
航母1,补给,航母,20260629170604,124.9099099,25,0,,,目标,
航母1,补给,航母,20260629170605,124.9099099,25,0,,,目标,
航母1,补给,航母,20260629170606,124.9099099,25,0,,,目标,
航母1,补给,航母,20260629170607,124.9099099,25,0,,,目标,
航母1,补给,航母,20260629170608,124.9099099,25,0,,,目标,
航母1,补给,航母,20260629170609,124.9099099,25,0,,,目标,
航母1,补给,航母,20260629170610,124.9099099,25,0,,,目标,
航母1,补给,航母,20260629170611,124.9099099,25,0,,,目标,
航母1,补给,航母,20260629170612,124.9099099,25,0,,,目标,
航母1,补给,航母,20260629170613,124.9099099,25,0,,,目标,
航母1,补给,航母,20260629170614,124.9099099,25,0,,,目标,
航母1,补给,航母,20260629170615,124.9099099,25,0,,,目标,
航母1,补给,航母,20260629170616,124.9099099,25,0,,,目标,
航母1,补给,航母,20260629170617,124.9099099,25,0,,,目标,
航母1,补给,航母,20260629170618,124.9099099,25,0,,,目标,
航母1,补给,航母,20260629170619,124.9099099,25,0,,,目标,
航母1,补给,航母,20260629170620,124.9099099,25,0,,,目标,
航母1,补给,航母,20260629170621,124.9099099,25,0,,,目标,
航母1,补给,航母,20260629170622,124.9099099,25,0,,,目标,
航母1,补给,航母,20260629170623,124.9099099,25,0,,,目标,
航母1,补给,航母,20260629170624,124.9099099,25,0,,,目标,
航母1,补给,航母,20260629170625,124.9099099,25,0,,,目标,
驱逐舰1,补给,驱逐舰,20260629170601,125.1988068,25,0,,,目标,
驱逐舰1,补给,驱逐舰,20260629170602,125.192561,25.04480899,0,,,目标,
驱逐舰1,补给,驱逐舰,20260629170603,125.1742158,25.08680246,0,,,目标,
驱逐舰1,补给,驱逐舰,20260629170604,125.1449239,25.12334182,0,,,目标,
驱逐舰1,补给,驱逐舰,20260629170605,125.106526,25.15213116,0,,,目标,
驱逐舰1,补给,驱逐舰,20260629170606,125.0614347,25.17136153,0,,,目标,
驱逐舰1,补给,驱逐舰,20260629170607,125.0124832,25.17982464,0,,,目标,
驱逐舰1,补给,驱逐舰,20260629170608,124.9627473,25.17698869,0,,,目标,
驱逐舰1,补给,驱逐舰,20260629170609,124.9153522,25.1630319,0,,,目标,
驱逐舰1,补给,驱逐舰,20260629170610,124.8732758,25.13883121,0,,,目标,
驱逐舰1,补给,驱逐舰,20260629170611,124.8391619,25.10590725,0,,,目标,
驱逐舰1,补给,驱逐舰,20260629170612,124.8151541,25.06632875,0,,,目标,
驱逐舰1,补给,驱逐舰,20260629170613,124.8027608,25.02258256,0,,,目标,
驱逐舰1,补给,驱逐舰,20260629170614,124.8027608,24.97741744,0,,,目标,
驱逐舰1,补给,驱逐舰,20260629170615,124.8151541,24.93367125,0,,,目标,
驱逐舰1,补给,驱逐舰,20260629170616,124.8391619,24.89409275,0,,,目标,
驱逐舰1,补给,驱逐舰,20260629170617,124.8732758,24.86116879,0,,,目标,
驱逐舰1,补给,驱逐舰,20260629170618,124.9153522,24.8369681,0,,,目标,
驱逐舰1,补给,驱逐舰,20260629170619,124.9627473,24.82301131,0,,,目标,
驱逐舰1,补给,驱逐舰,20260629170620,125.0124832,24.82017536,0,,,目标,
驱逐舰1,补给,驱逐舰,20260629170621,125.0614347,24.82863847,0,,,目标,
驱逐舰1,补给,驱逐舰,20260629170622,125.106526,24.84786884,0,,,目标,
驱逐舰1,补给,驱逐舰,20260629170623,125.1449239,24.87665818,0,,,目标,
驱逐舰1,补给,驱逐舰,20260629170624,125.1742158,24.91319754,0,,,目标,
驱逐舰1,补给,驱逐舰,20260629170625,125.192561,24.95519101,0,,,目标,
驱逐舰1,补给,驱逐舰,20260629170601,125,25.18018018,0,,,目标,
驱逐舰1,补给,驱逐舰,20260629170602,124.9505588,25.17451949,0,,,目标,
驱逐舰1,补给,驱逐舰,20260629170603,124.9042241,25.1578931,0,,,目标,
驱逐舰1,补给,驱逐舰,20260629170604,124.8639074,25.1313457,0,,,目标,
驱逐舰1,补给,驱逐舰,20260629170605,124.8321418,25.09654537,0,,,目标,
驱逐舰1,补给,驱逐舰,20260629170606,124.8109235,25.05567874,0,,,目标,
驱逐舰1,补给,驱逐舰,20260629170607,124.8015855,25.01131361,0,,,目标,
驱逐舰1,补给,驱逐舰,20260629170608,124.8047146,24.9662376,0,,,目标,
驱逐舰1,补给,驱逐舰,20260629170609,124.8201142,24.92328301,0,,,目标,
驱逐舰1,补给,驱逐舰,20260629170610,124.8468167,24.88514883,0,,,目标,
驱逐舰1,补给,驱逐舰,20260629170611,124.8831443,24.85423117,0,,,目标,
驱逐舰1,补给,驱逐舰,20260629170612,124.9268143,24.83247271,0,,,目标,
驱逐舰1,补给,驱逐舰,20260629170613,124.9750829,24.82124059,0,,,目标,
驱逐舰1,补给,驱逐舰,20260629170614,125.0249171,24.82124059,0,,,目标,
驱逐舰1,补给,驱逐舰,20260629170615,125.0731857,24.83247271,0,,,目标,
驱逐舰1,补给,驱逐舰,20260629170616,125.1168557,24.85423117,0,,,目标,
驱逐舰1,补给,驱逐舰,20260629170617,125.1531833,24.88514883,0,,,目标,
驱逐舰1,补给,驱逐舰,20260629170618,125.1798858,24.92328301,0,,,目标,
驱逐舰1,补给,驱逐舰,20260629170619,125.1952854,24.9662376,0,,,目标,
驱逐舰1,补给,驱逐舰,20260629170620,125.1984145,25.01131361,0,,,目标,
驱逐舰1,补给,驱逐舰,20260629170621,125.1890765,25.05567874,0,,,目标,
驱逐舰1,补给,驱逐舰,20260629170622,125.1678582,25.09654537,0,,,目标,
驱逐舰1,补给,驱逐舰,20260629170623,125.1360926,25.1313457,0,,,目标,
驱逐舰1,补给,驱逐舰,20260629170624,125.0957759,25.1578931,0,,,目标,
驱逐舰1,补给,驱逐舰,20260629170625,125.0494412,25.17451949,0,,,目标,
补给舰1,补给,补给舰,20260629170601,125,25,0,,,目标,
补给舰1,补给,补给舰,20260629170602,125,25,0,,,目标,
补给舰1,补给,补给舰,20260629170603,125,25,0,,,目标,
补给舰1,补给,补给舰,20260629170604,125,25,0,,,目标,
补给舰1,补给,补给舰,20260629170605,125,25,0,,,目标,
补给舰1,补给,补给舰,20260629170606,125,25,0,,,目标,
补给舰1,补给,补给舰,20260629170607,125,25,0,,,目标,
补给舰1,补给,补给舰,20260629170608,125,25,0,,,目标,
补给舰1,补给,补给舰,20260629170609,125,25,0,,,目标,
补给舰1,补给,补给舰,20260629170610,125,25,0,,,目标,
补给舰1,补给,补给舰,20260629170611,125,25,0,,,目标,
补给舰1,补给,补给舰,20260629170612,125,25,0,,,目标,
补给舰1,补给,补给舰,20260629170613,125,25,0,,,目标,
补给舰1,补给,补给舰,20260629170614,125,25,0,,,目标,
补给舰1,补给,补给舰,20260629170615,125,25,0,,,目标,
补给舰1,补给,补给舰,20260629170616,125,25,0,,,目标,
补给舰1,补给,补给舰,20260629170617,125,25,0,,,目标,
补给舰1,补给,补给舰,20260629170618,125,25,0,,,目标,
补给舰1,补给,补给舰,20260629170619,125,25,0,,,目标,
补给舰1,补给,补给舰,20260629170620,125,25,0,,,目标,
补给舰1,补给,补给舰,20260629170621,125,25,0,,,目标,
补给舰1,补给,补给舰,20260629170622,125,25,0,,,目标,
补给舰1,补给,补给舰,20260629170623,125,25,0,,,目标,
补给舰1,补给,补给舰,20260629170624,125,25,0,,,目标,
补给舰1,补给,补给舰,20260629170625,125,25,0,,,目标,
潜艇1,补给,潜艇,20260629170601,125.3976137,25,0,,,目标,
潜艇1,补给,潜艇,20260629170602,125.3851219,25.08961798,0,,,目标,
潜艇1,补给,潜艇,20260629170603,125.3484315,25.17360493,0,,,目标,
潜艇1,补给,潜艇,20260629170604,125.2898479,25.24668364,0,,,目标,
潜艇1,补给,潜艇,20260629170605,125.2130521,25.30426232,0,,,目标,
潜艇1,补给,潜艇,20260629170606,125.1228694,25.34272307,0,,,目标,
潜艇1,补给,潜艇,20260629170607,125.0249664,25.35964927,0,,,目标,
潜艇1,补给,潜艇,20260629170608,124.9254946,25.35397739,0,,,目标,
潜艇1,补给,潜艇,20260629170609,124.8307043,25.3260638,0,,,目标,
潜艇1,补给,潜艇,20260629170610,124.7465515,25.27766243,0,,,目标,
潜艇1,补给,潜艇,20260629170611,124.6783238,25.21181451,0,,,目标,
潜艇1,补给,潜艇,20260629170612,124.6303082,25.1326575,0,,,目标,
潜艇1,补给,潜艇,20260629170613,124.6055216,25.04516513,0,,,目标,
潜艇1,补给,潜艇,20260629170614,124.6055216,24.95483487,0,,,目标,
潜艇1,补给,潜艇,20260629170615,124.6303082,24.8673425,0,,,目标,
潜艇1,补给,潜艇,20260629170616,124.6783238,24.78818549,0,,,目标,
潜艇1,补给,潜艇,20260629170617,124.7465515,24.72233757,0,,,目标,
潜艇1,补给,潜艇,20260629170618,124.8307043,24.6739362,0,,,目标,
潜艇1,补给,潜艇,20260629170619,124.9254946,24.64602261,0,,,目标,
潜艇1,补给,潜艇,20260629170620,125.0249664,24.64035073,0,,,目标,
潜艇1,补给,潜艇,20260629170621,125.1228694,24.65727693,0,,,目标,
潜艇1,补给,潜艇,20260629170622,125.2130521,24.69573768,0,,,目标,
潜艇1,补给,潜艇,20260629170623,125.2898479,24.75331636,0,,,目标,
潜艇1,补给,潜艇,20260629170624,125.3484315,24.82639507,0,,,目标,
潜艇1,补给,潜艇,20260629170625,125.3851219,24.91038202,0,,,目标,
预警机/侦察机1,撤离,预警机/侦察机,20260629170701,123.5089488,25,0,,,目标,
预警机/侦察机1,撤离,预警机/侦察机,20260629170702,123.6539121,25,0,,,目标,
预警机/侦察机1,撤离,预警机/侦察机,20260629170703,123.7988754,25,0,,,目标,
预警机/侦察机1,撤离,预警机/侦察机,20260629170704,123.9438387,25,0,,,目标,
预警机/侦察机1,撤离,预警机/侦察机,20260629170705,124.088802,25,0,,,目标,
预警机/侦察机1,撤离,预警机/侦察机,20260629170706,124.2337653,25,0,,,目标,
预警机/侦察机1,撤离,预警机/侦察机,20260629170707,124.3787286,25,0,,,目标,
预警机/侦察机1,撤离,预警机/侦察机,20260629170708,124.523692,25,0,,,目标,
预警机/侦察机1,撤离,预警机/侦察机,20260629170709,124.6686553,25,0,,,目标,
预警机/侦察机1,撤离,预警机/侦察机,20260629170710,124.8136186,25,0,,,目标,
预警机/侦察机1,撤离,预警机/侦察机,20260629170711,124.9585819,25,0,,,目标,
预警机/侦察机1,撤离,预警机/侦察机,20260629170712,125.1035452,25,0,,,目标,
预警机/侦察机1,撤离,预警机/侦察机,20260629170713,125.2485085,25,0,,,目标,
预警机/侦察机1,撤离,预警机/侦察机,20260629170714,125.3934719,25,0,,,目标,
预警机/侦察机1,撤离,预警机/侦察机,20260629170715,125.5384352,25,0,,,目标,
预警机/侦察机1,撤离,预警机/侦察机,20260629170716,125.6833985,25,0,,,目标,
预警机/侦察机1,撤离,预警机/侦察机,20260629170717,125.8283618,25,0,,,目标,
预警机/侦察机1,撤离,预警机/侦察机,20260629170718,125.9733251,25,0,,,目标,
预警机/侦察机1,撤离,预警机/侦察机,20260629170719,126.1182884,25,0,,,目标,
预警机/侦察机1,撤离,预警机/侦察机,20260629170720,126.2632517,25,0,,,目标,
预警机/侦察机1,撤离,预警机/侦察机,20260629170721,126.4082151,25,0,,,目标,
预警机/侦察机1,撤离,预警机/侦察机,20260629170722,126.5531784,25,0,,,目标,
预警机/侦察机1,撤离,预警机/侦察机,20260629170723,126.6981417,25,0,,,目标,
预警机/侦察机1,撤离,预警机/侦察机,20260629170724,126.843105,25,0,,,目标,
预警机/侦察机1,撤离,预警机/侦察机,20260629170725,126.9880683,25,0,,,目标,
舰载机编队1,撤离,舰载机编队,20260629170701,124.5029829,25,0,,,目标,
舰载机编队1,撤离,舰载机编队,20260629170702,124.6479462,25.15161639,0,,,目标,
舰载机编队1,撤离,舰载机编队,20260629170703,124.7929095,25.16383737,0,,,目标,
舰载机编队1,撤离,舰载机编队,20260629170704,124.9378729,25.02542703,0,,,目标,
舰载机编队1,撤离,舰载机编队,20260629170705,125.0828362,24.86363919,0,,,目标,
舰载机编队1,撤离,舰载机编队,20260629170706,125.2277995,24.82722085,0,,,目标,
舰载机编队1,撤离,舰载机编队,20260629170707,125.3727628,24.94965487,0,,,目标,
舰载机编队1,撤离,舰载机编队,20260629170708,125.5177261,25.11837596,0,,,目标,
舰载机编队1,撤离,舰载机编队,20260629170709,125.6626894,25.17826275,0,,,目标,
舰载机编队1,撤离,舰载机编队,20260629170710,125.8076528,25.07425558,0,,,目标,
舰载机编队1,撤离,舰载机编队,20260629170711,125.9526161,24.90197818,0,,,目标,
舰载机编队1,撤离,舰载机编队,20260629170712,126.0975794,24.81982158,0,,,目标,
舰载机编队1,撤离,舰载机编队,20260629170713,126.2425427,24.90332019,0,,,目标,
舰载机编队1,撤离,舰载机编队,20260629170714,126.387506,25.07570577,0,,,目标,
舰载机编队1,撤离,舰载机编队,20260629170715,126.5324693,25.17848781,0,,,目标,
舰载机编队1,撤离,舰载机编队,20260629170716,126.6774326,25.11716898,0,,,目标,
舰载机编队1,撤离,舰载机编队,20260629170717,126.822396,24.94812553,0,,,目标,
舰载机编队1,撤离,舰载机编队,20260629170718,126.9673593,24.82677523,0,,,目标,
舰载机编队1,撤离,舰载机编队,20260629170719,127.1123226,24.86468698,0,,,目标,
舰载机编队1,撤离,舰载机编队,20260629170720,127.2572859,25.0270049,0,,,目标,
舰载机编队1,撤离,舰载机编队,20260629170721,127.4022492,25.16449464,0,,,目标,
舰载机编队1,撤离,舰载机编队,20260629170722,127.5472125,25.15074876,0,,,目标,
舰载机编队1,撤离,舰载机编队,20260629170723,127.6921759,24.99840517,0,,,目标,
舰载机编队1,撤离,舰载机编队,20260629170724,127.8371392,24.84752786,0,,,目标,
舰载机编队1,撤离,舰载机编队,20260629170725,127.9821025,24.83683273,0,,,目标,
航母1,撤离,航母,20260629170701,125,25,0,,,目标,
航母1,撤离,航母,20260629170702,125.1449633,25,0,,,目标,
航母1,撤离,航母,20260629170703,125.2899266,25,0,,,目标,
航母1,撤离,航母,20260629170704,125.4348899,25,0,,,目标,
航母1,撤离,航母,20260629170705,125.5798533,25,0,,,目标,
航母1,撤离,航母,20260629170706,125.7248166,25,0,,,目标,
航母1,撤离,航母,20260629170707,125.8697799,25,0,,,目标,
航母1,撤离,航母,20260629170708,126.0147432,25,0,,,目标,
航母1,撤离,航母,20260629170709,126.1597065,25,0,,,目标,
航母1,撤离,航母,20260629170710,126.3046698,25,0,,,目标,
航母1,撤离,航母,20260629170711,126.4496332,25,0,,,目标,
航母1,撤离,航母,20260629170712,126.5945965,25,0,,,目标,
航母1,撤离,航母,20260629170713,126.7395598,25,0,,,目标,
航母1,撤离,航母,20260629170714,126.8845231,25,0,,,目标,
航母1,撤离,航母,20260629170715,127.0294864,25,0,,,目标,
航母1,撤离,航母,20260629170716,127.1744497,25,0,,,目标,
航母1,撤离,航母,20260629170717,127.319413,25,0,,,目标,
航母1,撤离,航母,20260629170718,127.4643764,25,0,,,目标,
航母1,撤离,航母,20260629170719,127.6093397,25,0,,,目标,
航母1,撤离,航母,20260629170720,127.754303,25,0,,,目标,
航母1,撤离,航母,20260629170721,127.8992663,25,0,,,目标,
航母1,撤离,航母,20260629170722,128.0442296,25,0,,,目标,
航母1,撤离,航母,20260629170723,128.1891929,25,0,,,目标,
航母1,撤离,航母,20260629170724,128.3341562,25,0,,,目标,
航母1,撤离,航母,20260629170725,128.4791196,25,0,,,目标,
驱逐舰1,撤离,驱逐舰,20260629170701,124.2047727,25.27027027,0,,,目标,
驱逐舰1,撤离,驱逐舰,20260629170702,124.349736,25.14602765,0,,,目标,
驱逐舰1,撤离,驱逐舰,20260629170703,124.4946993,24.88752788,0,,,目标,
驱逐舰1,撤离,驱逐舰,20260629170704,124.6396626,24.73243446,0,,,目标,
驱逐舰1,撤离,驱逐舰,20260629170705,124.7846259,24.82333956,0,,,目标,
驱逐舰1,撤离,驱逐舰,20260629170706,124.9295892,25.07666546,0,,,目标,
驱逐舰1,撤离,驱逐舰,20260629170707,125.0745526,25.25950548,0,,,目标,
驱逐舰1,撤离,驱逐舰,20260629170708,125.2195159,25.20375737,0,,,目标,
驱逐舰1,撤离,驱逐舰,20260629170709,125.3644792,24.96067567,0,,,目标,
驱逐舰1,撤离,驱逐舰,20260629170710,125.5094425,24.75374858,0,,,目标,
驱逐舰1,撤离,驱逐舰,20260629170711,125.6544058,24.77322391,0,,,目标,
驱逐舰1,撤离,驱逐舰,20260629170712,125.7993691,25.00119613,0,,,目标,
驱逐舰1,撤离,驱逐舰,20260629170713,125.9443325,25.22806864,0,,,目标,
驱逐舰1,撤离,驱逐舰,20260629170714,126.0892958,25.24525589,0,,,目标,
驱逐舰1,撤离,驱逐舰,20260629170715,126.2342591,25.036956,0,,,目标,
驱逐舰1,撤离,驱逐舰,20260629170716,126.3792224,24.79467894,0,,,目标,
驱逐舰1,撤离,驱逐舰,20260629170717,126.5241857,24.74117311,0,,,目标,
驱逐舰1,撤离,驱逐舰,20260629170718,126.669149,24.92563153,0,,,目标,
驱逐舰1,撤离,驱逐舰,20260629170719,126.8141123,25.17846398,0,,,目标,
驱逐舰1,撤离,驱逐舰,20260629170720,126.9590757,25.26721746,0,,,目标,
驱逐舰1,撤离,驱逐舰,20260629170721,127.104039,25.11029245,0,,,目标,
驱逐舰1,撤离,驱逐舰,20260629170722,127.2490023,24.85196506,0,,,目标,
驱逐舰1,撤离,驱逐舰,20260629170723,127.3939656,24.72974032,0,,,目标,
驱逐舰1,撤离,驱逐舰,20260629170724,127.5389289,24.85599108,0,,,目标,
驱逐舰1,撤离,驱逐舰,20260629170725,127.6838922,25.11464297,0,,,目标,
补给舰1,撤离,补给舰,20260629170701,125.4970171,25,0,,,目标,
补给舰1,撤离,补给舰,20260629170702,125.6419804,25,0,,,目标,
补给舰1,撤离,补给舰,20260629170703,125.7869437,25,0,,,目标,
补给舰1,撤离,补给舰,20260629170704,125.931907,25,0,,,目标,
补给舰1,撤离,补给舰,20260629170705,126.0768703,25,0,,,目标,
补给舰1,撤离,补给舰,20260629170706,126.2218337,25,0,,,目标,
补给舰1,撤离,补给舰,20260629170707,126.366797,25,0,,,目标,
补给舰1,撤离,补给舰,20260629170708,126.5117603,25,0,,,目标,
补给舰1,撤离,补给舰,20260629170709,126.6567236,25,0,,,目标,
补给舰1,撤离,补给舰,20260629170710,126.8016869,25,0,,,目标,
补给舰1,撤离,补给舰,20260629170711,126.9466502,25,0,,,目标,
补给舰1,撤离,补给舰,20260629170712,127.0916135,25,0,,,目标,
补给舰1,撤离,补给舰,20260629170713,127.2365769,25,0,,,目标,
补给舰1,撤离,补给舰,20260629170714,127.3815402,25,0,,,目标,
补给舰1,撤离,补给舰,20260629170715,127.5265035,25,0,,,目标,
补给舰1,撤离,补给舰,20260629170716,127.6714668,25,0,,,目标,
补给舰1,撤离,补给舰,20260629170717,127.8164301,25,0,,,目标,
补给舰1,撤离,补给舰,20260629170718,127.9613934,25,0,,,目标,
补给舰1,撤离,补给舰,20260629170719,128.1063568,25,0,,,目标,
补给舰1,撤离,补给舰,20260629170720,128.2513201,25,0,,,目标,
补给舰1,撤离,补给舰,20260629170721,128.3962834,25,0,,,目标,
补给舰1,撤离,补给舰,20260629170722,128.5412467,25,0,,,目标,
补给舰1,撤离,补给舰,20260629170723,128.68621,25,0,,,目标,
补给舰1,撤离,补给舰,20260629170724,128.8311733,25,0,,,目标,
补给舰1,撤离,补给舰,20260629170725,128.9761366,25,0,,,目标,
潜艇1,撤离,潜艇,20260629170701,124.0059658,25.02256692,0,,,目标,
潜艇1,撤离,潜艇,20260629170702,124.1509292,25.03121155,0,,,目标,
潜艇1,撤离,潜艇,20260629170703,124.2958925,24.93873651,0,,,目标,
潜艇1,撤离,潜艇,20260629170704,124.4408558,25.02092376,0,,,目标,
潜艇1,撤离,潜艇,20260629170705,124.5858191,25.02640293,0,,,目标,
潜艇1,撤离,潜艇,20260629170706,124.7307824,24.93564402,0,,,目标,
潜艇1,撤离,潜艇,20260629170707,124.8757457,25.16808779,0,,,目标,
潜艇1,撤离,潜艇,20260629170708,125.020709,25.04268765,0,,,目标,
潜艇1,撤离,潜艇,20260629170709,125.1656724,24.89267536,0,,,目标,
潜艇1,撤离,潜艇,20260629170710,125.3106357,25.05914897,0,,,目标,
潜艇1,撤离,潜艇,20260629170711,125.455599,24.91219084,0,,,目标,
潜艇1,撤离,潜艇,20260629170712,125.6005623,25.07090852,0,,,目标,
潜艇1,撤离,潜艇,20260629170713,125.7455256,25.10437798,0,,,目标,
潜艇1,撤离,潜艇,20260629170714,125.8904889,24.92606466,0,,,目标,
潜艇1,撤离,潜艇,20260629170715,126.0354523,25.08679064,0,,,目标,
潜艇1,撤离,潜艇,20260629170716,126.1804156,25.03718747,0,,,目标,
潜艇1,撤离,潜艇,20260629170717,126.3253789,25.07405947,0,,,目标,
潜艇1,撤离,潜艇,20260629170718,126.4703422,25.17088225,0,,,目标,
潜艇1,撤离,潜艇,20260629170719,126.6153055,24.97789296,0,,,目标,
潜艇1,撤离,潜艇,20260629170720,126.7602688,24.93209584,0,,,目标,
潜艇1,撤离,潜艇,20260629170721,126.9052321,24.91986356,0,,,目标,
潜艇1,撤离,潜艇,20260629170722,127.0501955,24.92650358,0,,,目标,
潜艇1,撤离,潜艇,20260629170723,127.1951588,24.9930539,0,,,目标,
潜艇1,撤离,潜艇,20260629170724,127.3401221,25.03073441,0,,,目标,
潜艇1,撤离,潜艇,20260629170725,127.4850854,25.0249271,0,,,目标,
